encounter_id,patient_id,medication_start_date,medication_end_date,medication_id,medication_name
01086443,8d65384a,2008-08-09T03:38:48Z,2008-08-09T03:38:48Z,1659131,piperacillin 2000 MG / tazobactam 250 MG Injection
01086443,8d65384a,2008-08-09T03:38:48Z,2008-08-09T03:38:48Z,1807510,150 ML vancomycin 5 MG/ML Injection
034663f6,3778ebe3,2017-11-12T09:53:36Z,2017-11-12T09:53:36Z,1659131,piperacillin 2000 MG / tazobactam 250 MG Injection
034663f6,3778ebe3,2017-11-12T09:53:36Z,2017-11-12T09:53:36Z,1807510,150 ML vancomycin 5 MG/ML Injection
034663f6,3778ebe3,2017-11-12T11:23:36Z,2017-11-12T11:23:36Z,242969,4 ML norepinephrine 1 MG/ML Injection
034663f6,3778ebe3,2017-11-18T10:53:36Z,2017-11-18T10:53:36Z,242969,4 ML norepinephrine 1 MG/ML Injection
04fae5e7,b43d514a,2018-10-19T11:27:04Z,2018-10-19T11:27:04Z,1659131,piperacillin 2000 MG / tazobactam 250 MG Injection
04fae5e7,b43d514a,2018-10-19T11:27:04Z,2018-10-19T11:27:04Z,1807510,150 ML vancomycin 5 MG/ML Injection
06184432,70952998,2022-08-06T10:02:53Z,2022-08-06T10:02:53Z,1659131,piperacillin 2000 MG / tazobactam 250 MG Injection
06184432,70952998,2022-08-06T10:02:53Z,2022-08-06T10:02:53Z,1807510,150 ML vancomycin 5 MG/ML Injection
07c64065,24049ed4,2020-11-06T09:11:29Z,2020-11-06T09:11:29Z,1659131,piperacillin 2000 MG / tazobactam 250 MG Injection
07c64065,24049ed4,2020-11-06T09:11:29Z,2020-11-06T09:11:29Z,1807510,150 ML vancomycin 5 MG/ML Injection
07cd0912,b23dff32,2024-05-20T09:27:19Z,2024-05-20T09:27:19Z,1659131,piperacillin 2000 MG / tazobactam 250 MG Injection
07cd0912,b23dff32,2024-05-20T09:27:19Z,2024-05-20T09:27:19Z,1807510,150 ML vancomycin 5 MG/ML Injection
0850928f,cd985149,2021-07-01T09:22:36Z,2021-07-01T09:22:36Z,1659131,piperacillin 2000 MG / tazobactam 250 MG Injection
0850928f,cd985149,2021-07-01T09:22:36Z,2021-07-01T09:22:36Z,1807510,150 ML vancomycin 5 MG/ML Injection
08e4d0d7,99cba850,2021-06-26T19:01:59Z,2021-06-26T19:01:59Z,1659131,piperacillin 2000 MG / tazobactam 250 MG Injection
08e4d0d7,99cba850,2021-06-26T19:01:59Z,2021-06-26T19:01:59Z,1807510,150 ML vancomycin 5 MG/ML Injection
08e4d0d7,99cba850,2021-06-26T20:31:59Z,2021-06-26T20:31:59Z,242969,4 ML norepinephrine 1 MG/ML Injection
08e4d0d7,99cba850,2021-07-05T15:01:59Z,2021-07-05T15:01:59Z,242969,4 ML norepinephrine 1 MG/ML Injection
0ab97046,73676b15,2005-02-23T04:24:43Z,2005-02-23T04:24:43Z,1659131,piperacillin 2000 MG / tazobactam 250 MG Injection
0ab97046,73676b15,2005-02-23T04:24:43Z,2005-02-23T04:24:43Z,1807510,150 ML vancomycin 5 MG/ML Injection
0ab97046,73676b15,2005-02-26T21:24:43Z,2005-02-26T21:24:43Z,242969,4 ML norepinephrine 1 MG/ML Injection
0ca5c4e6,18941c0f,2022-05-19T18:14:29Z,2022-05-19T18:14:29Z,1659131,piperacillin 2000 MG / tazobactam 250 MG Injection
0ca5c4e6,18941c0f,2022-05-19T18:14:29Z,2022-05-19T18:14:29Z,1807510,150 ML vancomycin 5 MG/ML Injection
0cb52589,0bc4418d,2022-08-29T09:07:21Z,2022-08-29T09:07:21Z,1659131,piperacillin 2000 MG / tazobactam 250 MG Injection
0cb52589,0bc4418d,2022-08-29T09:07:21Z,2022-08-29T09:07:21Z,1807510,150 ML vancomycin 5 MG/ML Injection
0d2c8cc4,fff1657b,2007-09-10T20:22:04Z,2007-09-10T20:22:04Z,1659131,piperacillin 2000 MG / tazobactam 250 MG Injection
0d2c8cc4,fff1657b,2007-09-10T20:22:04Z,2007-09-10T20:22:04Z,1807510,150 ML vancomycin 5 MG/ML Injection
0fcf5f2b,1c8024ca,2016-01-18T23:31:18Z,2016-01-18T23:31:18Z,1659131,piperacillin 2000 MG / tazobactam 250 MG Injection
0fcf5f2b,1c8024ca,2016-01-18T23:31:18Z,2016-01-18T23:31:18Z,1807510,150 ML vancomycin 5 MG/ML Injection
0fcf5f2b,1c8024ca,2016-01-19T01:01:18Z,2016-01-19T01:01:18Z,242969,4 ML norepinephrine 1 MG/ML Injection
11480b46,b94f33ac,2019-02-14T05:38:09Z,2019-02-14T05:38:09Z,1659131,piperacillin 2000 MG / tazobactam 250 MG Injection
11480b46,b94f33ac,2019-02-14T05:38:09Z,2019-02-14T05:38:09Z,1807510,150 ML vancomycin 5 MG/ML Injection
11480b46,b94f33ac,2019-02-14T07:08:09Z,2019-02-14T07:08:09Z,242969,4 ML norepinephrine 1 MG/ML Injection
13077eca,08482cde,2013-12-12T01:30:14Z,2013-12-12T01:30:14Z,1659131,piperacillin 2000 MG / tazobactam 250 MG Injection
13077eca,08482cde,2013-12-12T01:30:14Z,2013-12-12T01:30:14Z,1807510,150 ML vancomycin 5 MG/ML Injection
13077eca,08482cde,2013-12-19T07:30:14Z,2013-12-19T07:30:14Z,242969,4 ML norepinephrine 1 MG/ML Injection
1435cc80,ac6022b0,2019-03-11T07:53:15Z,2019-03-11T07:53:15Z,1659131,piperacillin 2000 MG / tazobactam 250 MG Injection
1435cc80,ac6022b0,2019-03-11T07:53:15Z,2019-03-11T07:53:15Z,1807510,150 ML vancomycin 5 MG/ML Injection
153bf60f,3faa5071,2002-01-22T04:14:12Z,2002-01-22T04:14:12Z,1659131,piperacillin 2000 MG / tazobactam 250 MG Injection
153bf60f,3faa5071,2002-01-22T04:14:12Z,2002-01-22T04:14:12Z,1807510,150 ML vancomycin 5 MG/ML Injection
153bf60f,3faa5071,2002-01-22T05:44:12Z,2002-01-22T05:44:12Z,242969,4 ML norepinephrine 1 MG/ML Injection
170b89af,c009111d,2019-03-07T06:05:34Z,2019-03-07T06:05:34Z,1659131,piperacillin 2000 MG / tazobactam 250 MG Injection
170b89af,c009111d,2019-03-07T06:05:34Z,2019-03-07T06:05:34Z,1807510,150 ML vancomycin 5 MG/ML Injection
170b89af,c009111d,2019-03-07T07:35:34Z,2019-03-07T07:35:34Z,242969,4 ML norepinephrine 1 MG/ML Injection
179cffff,71653c70,2017-08-08T08:48:13Z,2017-08-08T08:48:13Z,1659131,piperacillin 2000 MG / tazobactam 250 MG Injection
179cffff,71653c70,2017-08-08T08:48:13Z,2017-08-08T08:48:13Z,1807510,150 ML vancomycin 5 MG/ML Injection
179cffff,71653c70,2017-08-08T10:18:13Z,2017-08-08T10:18:13Z,242969,4 ML norepinephrine 1 MG/ML Injection
17b214b3,67e8c6ba,2015-05-09T12:20:56Z,2015-05-09T12:20:56Z,1659131,piperacillin 2000 MG / tazobactam 250 MG Injection
17b214b3,67e8c6ba,2015-05-09T12:20:56Z,2015-05-09T12:20:56Z,1807510,150 ML vancomycin 5 MG/ML Injection
1800cf7c,10c13c1e,2017-09-18T03:48:09Z,2017-09-18T03:48:09Z,1659131,piperacillin 2000 MG / tazobactam 250 MG Injection
1800cf7c,10c13c1e,2017-09-18T03:48:09Z,2017-09-18T03:48:09Z,1807510,150 ML vancomycin 5 MG/ML Injection
197602fd,0e600285,2023-12-24T18:13:42Z,2023-12-24T18:13:42Z,1659131,piperacillin 2000 MG / tazobactam 250 MG Injection
197602fd,0e600285,2023-12-24T18:13:42Z,2023-12-24T18:13:42Z,1807510,150 ML vancomycin 5 MG/ML Injection
1edfd2ed,5e39759b,2016-02-21T04:24:13Z,2016-02-21T04:24:13Z,1659131,piperacillin 2000 MG / tazobactam 250 MG Injection
1edfd2ed,5e39759b,2016-02-21T04:24:13Z,2016-02-21T04:24:13Z,1807510,150 ML vancomycin 5 MG/ML Injection
1efd7dc0,ef04a566,2002-05-24T15:42:35Z,2002-05-24T15:42:35Z,1659131,piperacillin 2000 MG / tazobactam 250 MG Injection
1efd7dc0,ef04a566,2002-05-24T15:42:35Z,2002-05-24T15:42:35Z,1807510,150 ML vancomycin 5 MG/ML Injection
1efd7dc0,ef04a566,2002-06-01T08:42:35Z,2002-06-01T08:42:35Z,242969,4 ML norepinephrine 1 MG/ML Injection
1efd7dc0,ef04a566,2002-06-08T08:12:35Z,2002-06-08T08:12:35Z,242969,4 ML norepinephrine 1 MG/ML Injection
1efd7dc0,ef04a566,2002-06-17T06:42:35Z,2002-06-17T06:42:35Z,242969,4 ML norepinephrine 1 MG/ML Injection
1efd7dc0,ef04a566,2002-06-27T21:12:35Z,2002-06-27T21:12:35Z,242969,4 ML norepinephrine 1 MG/ML Injection
1f42bd10,d389779d,2014-06-19T02:31:10Z,2014-06-19T02:31:10Z,1659131,piperacillin 2000 MG / tazobactam 250 MG Injection
1f42bd10,d389779d,2014-06-19T02:31:10Z,2014-06-19T02:31:10Z,1807510,150 ML vancomycin 5 MG/ML Injection
1f42bd10,d389779d,2014-06-19T04:01:10Z,2014-06-19T04:01:10Z,242969,4 ML norepinephrine 1 MG/ML Injection
22711cf4,1ae003f9,2004-12-14T00:57:14Z,2004-12-14T00:57:14Z,1659131,piperacillin 2000 MG / tazobactam 250 MG Injection
22711cf4,1ae003f9,2004-12-14T00:57:14Z,2004-12-14T00:57:14Z,1807510,150 ML vancomycin 5 MG/ML Injection
22711cf4,1ae003f9,2004-12-14T02:27:14Z,2004-12-14T02:27:14Z,242969,4 ML norepinephrine 1 MG/ML Injection
22711cf4,1ae003f9,2004-12-21T00:57:14Z,2004-12-21T00:57:14Z,242969,4 ML norepinephrine 1 MG/ML Injection
22711cf4,1ae003f9,2004-12-27T18:27:14Z,2004-12-27T18:27:14Z,242969,4 ML norepinephrine 1 MG/ML Injection
22711cf4,1ae003f9,2005-01-06T23:57:14Z,2005-01-06T23:57:14Z,242969,4 ML norepinephrine 1 MG/ML Injection
2542187b,a4ef7f10,2017-01-30T01:01:17Z,2017-01-30T01:01:17Z,1659131,piperacillin 2000 MG / tazobactam 250 MG Injection
2542187b,a4ef7f10,2017-01-30T01:01:17Z,2017-01-30T01:01:17Z,1807510,150 ML vancomycin 5 MG/ML Injection
25a686d0,bfe662c0,2025-03-13T11:28:33Z,2025-03-13T11:28:33Z,1659131,piperacillin 2000 MG / tazobactam 250 MG Injection
25a686d0,bfe662c0,2025-03-13T11:28:33Z,2025-03-13T11:28:33Z,1807510,150 ML vancomycin 5 MG/ML Injection
26785f15,b793ad20,2021-09-23T11:18:47Z,2021-09-23T11:18:47Z,1659131,piperacillin 2000 MG / tazobactam 250 MG Injection
26785f15,b793ad20,2021-09-23T11:18:47Z,2021-09-23T11:18:47Z,1807510,150 ML vancomycin 5 MG/ML Injection
2725bce2,f19bfa02,2006-11-03T07:57:27Z,2006-11-03T07:57:27Z,1659131,piperacillin 2000 MG / tazobactam 250 MG Injection
2725bce2,f19bfa02,2006-11-03T07:57:27Z,2006-11-03T07:57:27Z,1807510,150 ML vancomycin 5 MG/ML Injection
2725bce2,f19bfa02,2006-11-08T13:57:27Z,2006-11-08T13:57:27Z,242969,4 ML norepinephrine 1 MG/ML Injection
2a28a280,11884639,2012-09-25T03:06:22Z,2012-09-25T03:06:22Z,1659131,piperacillin 2000 MG / tazobactam 250 MG Injection
2a28a280,11884639,2012-09-25T03:06:22Z,2012-09-25T03:06:22Z,1807510,150 ML vancomycin 5 MG/ML Injection
2c8f32df,34f3b69a,2022-05-15T06:33:17Z,2022-05-15T06:33:17Z,1659131,piperacillin 2000 MG / tazobactam 250 MG Injection
2c8f32df,34f3b69a,2022-05-15T06:33:17Z,2022-05-15T06:33:17Z,1807510,150 ML vancomycin 5 MG/ML Injection
2d3fa1f8,8fdbf8fe,2013-07-04T01:19:42Z,2013-07-04T01:19:42Z,1659131,piperacillin 2000 MG / tazobactam 250 MG Injection
2d3fa1f8,8fdbf8fe,2013-07-04T01:19:42Z,2013-07-04T01:19:42Z,1807510,150 ML vancomycin 5 MG/ML Injection
2da7c1a1,9aaf2b66,2021-08-22T21:52:35Z,2021-08-22T21:52:35Z,1659131,piperacillin 2000 MG / tazobactam 250 MG Injection
2da7c1a1,9aaf2b66,2021-08-22T21:52:35Z,2021-08-22T21:52:35Z,1807510,150 ML vancomycin 5 MG/ML Injection
2e13c482,5486fd6e,2015-01-31T02:28:19Z,2015-01-31T02:28:19Z,1659131,piperacillin 2000 MG / tazobactam 250 MG Injection
2e13c482,5486fd6e,2015-01-31T02:28:19Z,2015-01-31T02:28:19Z,1807510,150 ML vancomycin 5 MG/ML Injection
2f218288,360ed097,2017-08-18T19:05:49Z,2017-08-18T19:05:49Z,1659131,piperacillin 2000 MG / tazobactam 250 MG Injection
2f218288,360ed097,2017-08-18T19:05:49Z,2017-08-18T19:05:49Z,1807510,150 ML vancomycin 5 MG/ML Injection
2f9ecca5,dc05bae8,2024-11-15T15:54:55Z,2024-11-15T15:54:55Z,1659131,piperacillin 2000 MG / tazobactam 250 MG Injection
2f9ecca5,dc05bae8,2024-11-15T15:54:55Z,2024-11-15T15:54:55Z,1807510,150 ML vancomycin 5 MG/ML Injection
2fefdfc8,0fed6dc3,2020-12-31T10:55:41Z,2020-12-31T10:55:41Z,1659131,piperacillin 2000 MG / tazobactam 250 MG Injection
2fefdfc8,0fed6dc3,2020-12-31T10:55:41Z,2020-12-31T10:55:41Z,1807510,150 ML vancomycin 5 MG/ML Injection
30c39e50,8f532684,2017-08-07T03:42:42Z,2017-08-07T03:42:42Z,1659131,piperacillin 2000 MG / tazobactam 250 MG Injection
30c39e50,8f532684,2017-08-07T03:42:42Z,2017-08-07T03:42:42Z,1807510,150 ML vancomycin 5 MG/ML Injection
3121993a,97d44e3a,2019-03-03T13:30:32Z,2019-03-03T13:30:32Z,1659131,piperacillin 2000 MG / tazobactam 250 MG Injection
3121993a,97d44e3a,2019-03-03T13:30:32Z,2019-03-03T13:30:32Z,1807510,150 ML vancomycin 5 MG/ML Injection
31fe6f27,f4490aa4,2021-07-13T21:58:06Z,2021-07-13T21:58:06Z,1659131,piperacillin 2000 MG / tazobactam 250 MG Injection
31fe6f27,f4490aa4,2021-07-13T21:58:06Z,2021-07-13T21:58:06Z,1807510,150 ML vancomycin 5 MG/ML Injection
353af206,fe5541e9,2024-01-24T23:40:10Z,2024-01-24T23:40:10Z,1659131,piperacillin 2000 MG / tazobactam 250 MG Injection
353af206,fe5541e9,2024-01-24T23:40:10Z,2024-01-24T23:40:10Z,1807510,150 ML vancomycin 5 MG/ML Injection
38022f7c,1d7fc54b,2022-07-19T01:05:42Z,2022-07-19T01:05:42Z,1659131,piperacillin 2000 MG / tazobactam 250 MG Injection
38022f7c,1d7fc54b,2022-07-19T01:05:42Z,2022-07-19T01:05:42Z,1807510,150 ML vancomycin 5 MG/ML Injection
389eb8b2,2031dc41,2020-10-18T01:57:28Z,2020-10-18T01:57:28Z,1659131,piperacillin 2000 MG / tazobactam 250 MG Injection
389eb8b2,2031dc41,2020-10-18T01:57:28Z,2020-10-18T01:57:28Z,1807510,150 ML vancomycin 5 MG/ML Injection
393e0682,866084d6,2020-02-13T02:31:10Z,2020-02-13T02:31:10Z,1659131,piperacillin 2000 MG / tazobactam 250 MG Injection
393e0682,866084d6,2020-02-13T02:31:10Z,2020-02-13T02:31:10Z,1807510,150 ML vancomycin 5 MG/ML Injection
393e0682,866084d6,2020-02-21T22:31:10Z,2020-02-21T22:31:10Z,242969,4 ML norepinephrine 1 MG/ML Injection
3ad895e5,03262ae1,2022-12-11T10:43:07Z,2022-12-11T10:43:07Z,1659131,piperacillin 2000 MG / tazobactam 250 MG Injection
3ad895e5,03262ae1,2022-12-11T10:43:07Z,2022-12-11T10:43:07Z,1807510,150 ML vancomycin 5 MG/ML Injection
3d962788,69cec7aa,2006-05-15T12:20:56Z,2006-05-15T12:20:56Z,1664986,Aztreonam 2000 MG Injection
3d962788,69cec7aa,2006-05-15T12:20:56Z,2006-05-15T12:20:56Z,1807510,150 ML vancomycin 5 MG/ML Injection
3d962788,69cec7aa,2006-05-23T19:20:56Z,2006-05-23T19:20:56Z,242969,4 ML norepinephrine 1 MG/ML Injection
3d962788,69cec7aa,2006-05-28T08:50:56Z,2006-05-28T08:50:56Z,242969,4 ML norepinephrine 1 MG/ML Injection
3d9f65b5,44c79107,2020-08-18T08:12:17Z,2020-08-18T08:12:17Z,1659131,piperacillin 2000 MG / tazobactam 250 MG Injection
3d9f65b5,44c79107,2020-08-18T08:12:17Z,2020-08-18T08:12:17Z,1807510,150 ML vancomycin 5 MG/ML Injection
3d9f65b5,44c79107,2020-08-21T13:12:17Z,2020-08-21T13:12:17Z,242969,4 ML norepinephrine 1 MG/ML Injection
3e34dd24,047ad818,2021-05-02T10:37:34Z,2021-05-02T10:37:34Z,1659131,piperacillin 2000 MG / tazobactam 250 MG Injection
3e34dd24,047ad818,2021-05-02T10:37:34Z,2021-05-02T10:37:34Z,1807510,150 ML vancomycin 5 MG/ML Injection
410a2bd6,13d785f4,2017-01-12T17:12:53Z,2017-01-12T17:12:53Z,1659131,piperacillin 2000 MG / tazobactam 250 MG Injection
410a2bd6,13d785f4,2017-01-12T17:12:53Z,2017-01-12T17:12:53Z,1807510,150 ML vancomycin 5 MG/ML Injection
430fb7b9,e55db8b8,2015-10-18T02:28:19Z,2015-10-18T02:28:19Z,1659131,piperacillin 2000 MG / tazobactam 250 MG Injection
430fb7b9,e55db8b8,2015-10-18T02:28:19Z,2015-10-18T02:28:19Z,1807510,150 ML vancomycin 5 MG/ML Injection
430fb7b9,e55db8b8,2015-10-18T03:58:19Z,2015-10-18T03:58:19Z,242969,4 ML norepinephrine 1 MG/ML Injection
44970da6,624d66f1,2017-08-25T17:04:16Z,2017-08-25T17:04:16Z,1659131,piperacillin 2000 MG / tazobactam 250 MG Injection
44970da6,624d66f1,2017-08-25T17:04:16Z,2017-08-25T17:04:16Z,1807510,150 ML vancomycin 5 MG/ML Injection
450647f3,12159947,2016-04-25T20:19:22Z,2016-04-25T20:19:22Z,1659131,piperacillin 2000 MG / tazobactam 250 MG Injection
450647f3,12159947,2016-04-25T20:19:22Z,2016-04-25T20:19:22Z,1807510,150 ML vancomycin 5 MG/ML Injection
450647f3,12159947,2016-05-03T14:19:22Z,2016-05-03T14:19:22Z,242969,4 ML norepinephrine 1 MG/ML Injection
46058fea,91fd80cc,2000-10-26T01:00:55Z,2000-10-26T01:00:55Z,1659131,piperacillin 2000 MG / tazobactam 250 MG Injection
46058fea,91fd80cc,2000-10-26T01:00:55Z,2000-10-26T01:00:55Z,1807510,150 ML vancomycin 5 MG/ML Injection
46058fea,91fd80cc,2000-11-01T11:00:55Z,2000-11-01T11:00:55Z,242969,4 ML norepinephrine 1 MG/ML Injection
46520536,e3f67c22,2023-11-19T22:37:20Z,2023-11-19T22:37:20Z,1659131,piperacillin 2000 MG / tazobactam 250 MG Injection
46520536,e3f67c22,2023-11-19T22:37:20Z,2023-11-19T22:37:20Z,1807510,150 ML vancomycin 5 MG/ML Injection
46cb7df9,bba15568,2012-09-10T08:48:13Z,2012-09-10T08:48:13Z,1659131,piperacillin 2000 MG / tazobactam 250 MG Injection
46cb7df9,bba15568,2012-09-10T08:48:13Z,2012-09-10T08:48:13Z,1807510,150 ML vancomycin 5 MG/ML Injection
48f34877,7b60259c,2024-09-18T11:40:48Z,2024-09-18T11:40:48Z,1659131,piperacillin 2000 MG / tazobactam 250 MG Injection
48f34877,7b60259c,2024-09-18T11:40:48Z,2024-09-18T11:40:48Z,1807510,150 ML vancomycin 5 MG/ML Injection
4a196f92,4e4e3c7f,2004-10-07T02:54:02Z,2004-10-07T02:54:02Z,1659131,piperacillin 2000 MG / tazobactam 250 MG Injection
4a196f92,4e4e3c7f,2004-10-07T02:54:02Z,2004-10-07T02:54:02Z,1807510,150 ML vancomycin 5 MG/ML Injection
4cdd4a5e,59fd0565,2000-01-29T13:13:00Z,2000-01-29T13:13:00Z,1659131,piperacillin 2000 MG / tazobactam 250 MG Injection
4cdd4a5e,59fd0565,2000-01-29T13:13:00Z,2000-01-29T13:13:00Z,1807510,150 ML vancomycin 5 MG/ML Injection
4d4005f4,a50b5938,2017-08-27T10:55:41Z,2017-08-27T10:55:41Z,1659131,piperacillin 2000 MG / tazobactam 250 MG Injection
4d4005f4,a50b5938,2017-08-27T10:55:41Z,2017-08-27T10:55:41Z,1807510,150 ML vancomycin 5 MG/ML Injection
4da8bdfa,5c6bfa98,2014-06-09T01:26:52Z,2014-06-09T01:26:52Z,1659131,piperacillin 2000 MG / tazobactam 250 MG Injection
4da8bdfa,5c6bfa98,2014-06-09T01:26:52Z,2014-06-09T01:26:52Z,1807510,150 ML vancomycin 5 MG/ML Injection
4da8bdfa,5c6bfa98,2014-06-09T02:56:52Z,2014-06-09T02:56:52Z,242969,4 ML norepinephrine 1 MG/ML Injection
4ea672a4,4ba09b9d,2017-05-14T12:10:15Z,2017-05-14T12:10:15Z,1659131,piperacillin 2000 MG / tazobactam 250 MG Injection
4ea672a4,4ba09b9d,2017-05-14T12:10:15Z,2017-05-14T12:10:15Z,1807510,150 ML vancomycin 5 MG/ML Injection
5468930e,3c25e7a8,2017-07-20T01:26:52Z,2017-07-20T01:26:52Z,1659131,piperacillin 2000 MG / tazobactam 250 MG Injection
5468930e,3c25e7a8,2017-07-20T01:26:52Z,2017-07-20T01:26:52Z,1807510,150 ML vancomycin 5 MG/ML Injection
54f4c3d2,2a6666d7,2019-03-21T08:41:39Z,2019-03-21T08:41:39Z,1659131,piperacillin 2000 MG / tazobactam 250 MG Injection
54f4c3d2,2a6666d7,2019-03-21T08:41:39Z,2019-03-21T08:41:39Z,1807510,150 ML vancomycin 5 MG/ML Injection
54f4c3d2,2a6666d7,2019-03-26T08:41:39Z,2019-03-26T08:41:39Z,242969,4 ML norepinephrine 1 MG/ML Injection
55d6f96c,2702d5ee,2019-03-15T07:57:27Z,2019-03-15T07:57:27Z,1659131,piperacillin 2000 MG / tazobactam 250 MG Injection
55d6f96c,2702d5ee,2019-03-15T07:57:27Z,2019-03-15T07:57:27Z,1807510,150 ML vancomycin 5 MG/ML Injection
55d6f96c,2702d5ee,2019-03-19T21:57:27Z,2019-03-19T21:57:27Z,242969,4 ML norepinephrine 1 MG/ML Injection
5a8da9ba,33c09fc4,2025-02-28T10:35:37Z,2025-02-28T10:35:37Z,1659131,piperacillin 2000 MG / tazobactam 250 MG Injection
5a8da9ba,33c09fc4,2025-02-28T10:35:37Z,2025-02-28T10:35:37Z,1807510,150 ML vancomycin 5 MG/ML Injection
5b1204e7,89bec4a5,2015-11-19T03:46:57Z,2015-11-19T03:46:57Z,1659131,piperacillin 2000 MG / tazobactam 250 MG Injection
5b1204e7,89bec4a5,2015-11-19T03:46:57Z,2015-11-19T03:46:57Z,1807510,150 ML vancomycin 5 MG/ML Injection
5d56baec,20e14f53,2019-08-29T20:34:02Z,2019-08-29T20:34:02Z,1659131,piperacillin 2000 MG / tazobactam 250 MG Injection
5d56baec,20e14f53,2019-08-29T20:34:02Z,2019-08-29T20:34:02Z,1807510,150 ML vancomycin 5 MG/ML Injection
5d56baec,20e14f53,2019-09-03T12:34:02Z,2019-09-03T12:34:02Z,242969,4 ML norepinephrine 1 MG/ML Injection
5d56baec,20e14f53,2019-09-12T01:04:02Z,2019-09-12T01:04:02Z,242969,4 ML norepinephrine 1 MG/ML Injection
5dc02baf,0c80874d,2018-12-07T00:11:21Z,2018-12-07T00:11:21Z,1659131,piperacillin 2000 MG / tazobactam 250 MG Injection
5dc02baf,0c80874d,2018-12-07T00:11:21Z,2018-12-07T00:11:21Z,1807510,150 ML vancomycin 5 MG/ML Injection
5f222a24,f35ceaf9,2000-08-29T11:59:27Z,2000-08-29T11:59:27Z,1659131,piperacillin 2000 MG / tazobactam 250 MG Injection
5f222a24,f35ceaf9,2000-08-29T11:59:27Z,2000-08-29T11:59:27Z,1807510,150 ML vancomycin 5 MG/ML Injection
5f222a24,f35ceaf9,2000-09-02T12:59:27Z,2000-09-02T12:59:27Z,242969,4 ML norepinephrine 1 MG/ML Injection
5f222a24,f35ceaf9,2000-09-07T16:29:27Z,2000-09-07T16:29:27Z,242969,4 ML norepinephrine 1 MG/ML Injection
625513a8,3239a33e,2019-03-16T13:05:17Z,2019-03-16T13:05:17Z,1659131,piperacillin 2000 MG / tazobactam 250 MG Injection
625513a8,3239a33e,2019-03-16T13:05:17Z,2019-03-16T13:05:17Z,1807510,150 ML vancomycin 5 MG/ML Injection
6368ce76,601b3d42,2021-06-03T08:52:44Z,2021-06-03T08:52:44Z,1659131,piperacillin 2000 MG / tazobactam 250 MG Injection
6368ce76,601b3d42,2021-06-03T08:52:44Z,2021-06-03T08:52:44Z,1807510,150 ML vancomycin 5 MG/ML Injection
65dee9b4,8505ae3a,2014-10-03T08:12:36Z,2014-10-03T08:12:36Z,1659131,piperacillin 2000 MG / tazobactam 250 MG Injection
65dee9b4,8505ae3a,2014-10-03T08:12:36Z,2014-10-03T08:12:36Z,1807510,150 ML vancomycin 5 MG/ML Injection
65dee9b4,8505ae3a,2014-10-13T01:12:36Z,2014-10-13T01:12:36Z,242969,4 ML norepinephrine 1 MG/ML Injection
65dee9b4,8505ae3a,2014-10-22T13:42:36Z,2014-10-22T13:42:36Z,242969,4 ML norepinephrine 1 MG/ML Injection
6800b23a,e396c44e,2023-07-02T08:56:32Z,2023-07-02T08:56:32Z,1659131,piperacillin 2000 MG / tazobactam 250 MG Injection
6800b23a,e396c44e,2023-07-02T08:56:32Z,2023-07-02T08:56:32Z,1807510,150 ML vancomycin 5 MG/ML Injection
6965553e,105522c6,2016-06-06T07:47:42Z,2016-06-06T07:47:42Z,1659131,piperacillin 2000 MG / tazobactam 250 MG Injection
6965553e,105522c6,2016-06-06T07:47:42Z,2016-06-06T07:47:42Z,1807510,150 ML vancomycin 5 MG/ML Injection
6bc0ffc0,58db6624,2020-07-16T16:43:39Z,2020-07-16T16:43:39Z,1659131,piperacillin 2000 MG / tazobactam 250 MG Injection
6bc0ffc0,58db6624,2020-07-16T16:43:39Z,2020-07-16T16:43:39Z,1807510,150 ML vancomycin 5 MG/ML Injection
6bc0ffc0,58db6624,2020-07-24T14:43:39Z,2020-07-24T14:43:39Z,242969,4 ML norepinephrine 1 MG/ML Injection
6bc0ffc0,58db6624,2020-08-04T00:13:39Z,2020-08-04T00:13:39Z,242969,4 ML norepinephrine 1 MG/ML Injection
6d7e9116,bcb375b7,2015-11-30T16:11:13Z,2015-11-30T16:11:13Z,1659131,piperacillin 2000 MG / tazobactam 250 MG Injection
6d7e9116,bcb375b7,2015-11-30T16:11:13Z,2015-11-30T16:11:13Z,1807510,150 ML vancomycin 5 MG/ML Injection
6d7e9116,bcb375b7,2015-12-08T09:11:13Z,2015-12-08T09:11:13Z,242969,4 ML norepinephrine 1 MG/ML Injection
6e4a0591,2a04343a,2016-10-21T04:06:59Z,2016-10-21T04:06:59Z,1659131,piperacillin 2000 MG / tazobactam 250 MG Injection
6e4a0591,2a04343a,2016-10-21T04:06:59Z,2016-10-21T04:06:59Z,1807510,150 ML vancomycin 5 MG/ML Injection
6e4a0591,2a04343a,2016-10-21T05:36:59Z,2016-10-21T05:36:59Z,242969,4 ML norepinephrine 1 MG/ML Injection
6ffcce8c,9ac8bf8b,2017-04-02T03:45:05Z,2017-04-02T03:45:05Z,1659131,piperacillin 2000 MG / tazobactam 250 MG Injection
6ffcce8c,9ac8bf8b,2017-04-02T03:45:05Z,2017-04-02T03:45:05Z,1807510,150 ML vancomycin 5 MG/ML Injection
6ffcce8c,9ac8bf8b,2017-04-06T11:45:05Z,2017-04-06T11:45:05Z,242969,4 ML norepinephrine 1 MG/ML Injection
6ffcce8c,9ac8bf8b,2017-04-15T22:15:05Z,2017-04-15T22:15:05Z,242969,4 ML norepinephrine 1 MG/ML Injection
7125e56f,290b889a,2022-07-27T06:21:17Z,2022-07-27T06:21:17Z,1659131,piperacillin 2000 MG / tazobactam 250 MG Injection
7125e56f,290b889a,2022-07-27T06:21:17Z,2022-07-27T06:21:17Z,1807510,150 ML vancomycin 5 MG/ML Injection
7125e56f,290b889a,2022-08-02T03:21:17Z,2022-08-02T03:21:17Z,242969,4 ML norepinephrine 1 MG/ML Injection
7180b85a,5125f047,2023-05-14T15:19:55Z,2023-05-14T15:19:55Z,1659131,piperacillin 2000 MG / tazobactam 250 MG Injection
7180b85a,5125f047,2023-05-14T15:19:55Z,2023-05-14T15:19:55Z,1807510,150 ML vancomycin 5 MG/ML Injection
7194108a,859a787c,2018-12-16T08:30:27Z,2018-12-16T08:30:27Z,1659131,piperacillin 2000 MG / tazobactam 250 MG Injection
7194108a,859a787c,2018-12-16T08:30:27Z,2018-12-16T08:30:27Z,1807510,150 ML vancomycin 5 MG/ML Injection
7797fd99,e37bc422,2007-12-05T22:53:25Z,2007-12-05T22:53:25Z,1659131,piperacillin 2000 MG / tazobactam 250 MG Injection
7797fd99,e37bc422,2007-12-05T22:53:25Z,2007-12-05T22:53:25Z,1807510,150 ML vancomycin 5 MG/ML Injection
77d0fc17,208b7827,2019-07-02T23:26:17Z,2019-07-02T23:26:17Z,1659131,piperacillin 2000 MG / tazobactam 250 MG Injection
77d0fc17,208b7827,2019-07-02T23:26:17Z,2019-07-02T23:26:17Z,1807510,150 ML vancomycin 5 MG/ML Injection
789703ea,497c3828,2015-10-13T20:59:42Z,2015-10-13T20:59:42Z,1659131,piperacillin 2000 MG / tazobactam 250 MG Injection
789703ea,497c3828,2015-10-13T20:59:42Z,2015-10-13T20:59:42Z,1807510,150 ML vancomycin 5 MG/ML Injection
7899b5bf,5722a79a,2025-02-28T05:03:15Z,2025-02-28T05:03:15Z,1659131,piperacillin 2000 MG / tazobactam 250 MG Injection
7899b5bf,5722a79a,2025-02-28T05:03:15Z,2025-02-28T05:03:15Z,1807510,150 ML vancomycin 5 MG/ML Injection
7bb1639c,cfbbacd2,2022-10-28T06:34:52Z,2022-10-28T06:34:52Z,1659131,piperacillin 2000 MG / tazobactam 250 MG Injection
7bb1639c,cfbbacd2,2022-10-28T06:34:52Z,2022-10-28T06:34:52Z,1807510,150 ML vancomycin 5 MG/ML Injection
7c8add29,21b0b88c,2005-10-14T22:31:56Z,2005-10-14T22:31:56Z,1659131,piperacillin 2000 MG / tazobactam 250 MG Injection
7c8add29,21b0b88c,2005-10-14T22:31:56Z,2005-10-14T22:31:56Z,1807510,150 ML vancomycin 5 MG/ML Injection
7c8add29,21b0b88c,2005-10-15T00:01:56Z,2005-10-15T00:01:56Z,242969,4 ML norepinephrine 1 MG/ML Injection
7e154d38,73961f37,2014-06-30T01:05:27Z,2014-06-30T01:05:27Z,1659131,piperacillin 2000 MG / tazobactam 250 MG Injection
7e154d38,73961f37,2014-06-30T01:05:27Z,2014-06-30T01:05:27Z,1807510,150 ML vancomycin 5 MG/ML Injection
7e154d38,73961f37,2014-07-09T07:05:27Z,2014-07-09T07:05:27Z,242969,4 ML norepinephrine 1 MG/ML Injection
7f3987ba,cf08d932,2020-09-12T01:12:49Z,2020-09-12T01:12:49Z,1659131,piperacillin 2000 MG / tazobactam 250 MG Injection
7f3987ba,cf08d932,2020-09-12T01:12:49Z,2020-09-12T01:12:49Z,1807510,150 ML vancomycin 5 MG/ML Injection
7f5c9743,3f72fe14,2016-06-22T01:28:12Z,2016-06-22T01:28:12Z,1659131,piperacillin 2000 MG / tazobactam 250 MG Injection
7f5c9743,3f72fe14,2016-06-22T01:28:12Z,2016-06-22T01:28:12Z,1807510,150 ML vancomycin 5 MG/ML Injection
7f5e856d,a8c4dc18,2015-12-22T19:32:54Z,2015-12-22T19:32:54Z,1659131,piperacillin 2000 MG / tazobactam 250 MG Injection
7f5e856d,a8c4dc18,2015-12-22T19:32:54Z,2015-12-22T19:32:54Z,1807510,150 ML vancomycin 5 MG/ML Injection
830e65ed,ade9c714,2018-10-14T01:27:02Z,2018-10-14T01:27:02Z,1659131,piperacillin 2000 MG / tazobactam 250 MG Injection
830e65ed,ade9c714,2018-10-14T01:27:02Z,2018-10-14T01:27:02Z,1807510,150 ML vancomycin 5 MG/ML Injection
8407f6cc,470b0a8f,2023-10-01T18:37:54Z,2023-10-01T18:37:54Z,1659131,piperacillin 2000 MG / tazobactam 250 MG Injection
8407f6cc,470b0a8f,2023-10-01T18:37:54Z,2023-10-01T18:37:54Z,1807510,150 ML vancomycin 5 MG/ML Injection
8407f6cc,470b0a8f,2023-10-09T21:37:54Z,2023-10-09T21:37:54Z,242969,4 ML norepinephrine 1 MG/ML Injection
8407f6cc,470b0a8f,2023-10-21T05:07:54Z,2023-10-21T05:07:54Z,242969,4 ML norepinephrine 1 MG/ML Injection
855bc760,a98157ac,2007-05-16T09:16:59Z,2007-05-16T09:16:59Z,1659131,piperacillin 2000 MG / tazobactam 250 MG Injection
855bc760,a98157ac,2007-05-16T09:16:59Z,2007-05-16T09:16:59Z,1807510,150 ML vancomycin 5 MG/ML Injection
855bc760,a98157ac,2007-05-20T13:16:59Z,2007-05-20T13:16:59Z,242969,4 ML norepinephrine 1 MG/ML Injection
87c79748,77cc6e18,2002-07-01T04:14:12Z,2002-07-01T04:14:12Z,1659131,piperacillin 2000 MG / tazobactam 250 MG Injection
87c79748,77cc6e18,2002-07-01T04:14:12Z,2002-07-01T04:14:12Z,1807510,150 ML vancomycin 5 MG/ML Injection
87dc5c83,aed1696d,2014-08-30T07:56:01Z,2014-08-30T07:56:01Z,1659131,piperacillin 2000 MG / tazobactam 250 MG Injection
87dc5c83,aed1696d,2014-08-30T07:56:01Z,2014-08-30T07:56:01Z,1807510,150 ML vancomycin 5 MG/ML Injection
87dc5c83,aed1696d,2014-09-03T15:56:01Z,2014-09-03T15:56:01Z,242969,4 ML norepinephrine 1 MG/ML Injection
87dc5c83,aed1696d,2014-09-08T16:26:01Z,2014-09-08T16:26:01Z,242969,4 ML norepinephrine 1 MG/ML Injection
87dc5c83,aed1696d,2014-09-17T04:56:01Z,2014-09-17T04:56:01Z,242969,4 ML norepinephrine 1 MG/ML Injection
88135264,a01b0aaa,2022-10-10T00:33:50Z,2022-10-10T00:33:50Z,1659131,piperacillin 2000 MG / tazobactam 250 MG Injection
88135264,a01b0aaa,2022-10-10T00:33:50Z,2022-10-10T00:33:50Z,1807510,150 ML vancomycin 5 MG/ML Injection
8c994d79,81f20b55,2017-08-23T17:19:35Z,2017-08-23T17:19:35Z,1659131,piperacillin 2000 MG / tazobactam 250 MG Injection
8c994d79,81f20b55,2017-08-23T17:19:35Z,2017-08-23T17:19:35Z,1807510,150 ML vancomycin 5 MG/ML Injection
8c994d79,81f20b55,2017-08-29T20:19:35Z,2017-08-29T20:19:35Z,242969,4 ML norepinephrine 1 MG/ML Injection
8f5aadd5,82c88d88,2020-11-18T19:44:19Z,2020-11-18T19:44:19Z,1664986,Aztreonam 2000 MG Injection
8f5aadd5,82c88d88,2020-11-18T19:44:19Z,2020-11-18T19:44:19Z,1807510,150 ML vancomycin 5 MG/ML Injection
8f5aadd5,82c88d88,2020-11-22T00:44:19Z,2020-11-22T00:44:19Z,242969,4 ML norepinephrine 1 MG/ML Injection
90573801,0e867532,2017-10-21T16:04:14Z,2017-10-21T16:04:14Z,1659131,piperacillin 2000 MG / tazobactam 250 MG Injection
90573801,0e867532,2017-10-21T16:04:14Z,2017-10-21T16:04:14Z,1807510,150 ML vancomycin 5 MG/ML Injection
90ca830f,05753ab2,2016-12-04T18:10:07Z,2016-12-04T18:10:07Z,1659131,piperacillin 2000 MG / tazobactam 250 MG Injection
90ca830f,05753ab2,2016-12-04T18:10:07Z,2016-12-04T18:10:07Z,1807510,150 ML vancomycin 5 MG/ML Injection
90ca830f,05753ab2,2016-12-04T19:40:07Z,2016-12-04T19:40:07Z,242969,4 ML norepinephrine 1 MG/ML Injection
94234149,f3a2d872,2013-06-02T16:11:13Z,2013-06-02T16:11:13Z,1659131,piperacillin 2000 MG / tazobactam 250 MG Injection
94234149,f3a2d872,2013-06-02T16:11:13Z,2013-06-02T16:11:13Z,1807510,150 ML vancomycin 5 MG/ML Injection
95800ba5,f29301db,2021-01-26T23:01:58Z,2021-01-26T23:01:58Z,1659131,piperacillin 2000 MG / tazobactam 250 MG Injection
95800ba5,f29301db,2021-01-26T23:01:58Z,2021-01-26T23:01:58Z,1807510,150 ML vancomycin 5 MG/ML Injection
95800ba5,f29301db,2021-01-27T00:31:58Z,2021-01-27T00:31:58Z,242969,4 ML norepinephrine 1 MG/ML Injection
9741d642,13faff7f,2017-08-04T17:27:01Z,2017-08-04T17:27:01Z,1659131,piperacillin 2000 MG / tazobactam 250 MG Injection
9741d642,13faff7f,2017-08-04T17:27:01Z,2017-08-04T17:27:01Z,1807510,150 ML vancomycin 5 MG/ML Injection
98aa9200,a3e235f3,2020-09-05T13:28:56Z,2020-09-05T13:28:56Z,1659131,piperacillin 2000 MG / tazobactam 250 MG Injection
98aa9200,a3e235f3,2020-09-05T13:28:56Z,2020-09-05T13:28:56Z,1807510,150 ML vancomycin 5 MG/ML Injection
994e8cbf,b9016af2,2017-02-15T15:37:02Z,2017-02-15T15:37:02Z,1659131,piperacillin 2000 MG / tazobactam 250 MG Injection
994e8cbf,b9016af2,2017-02-15T15:37:02Z,2017-02-15T15:37:02Z,1807510,150 ML vancomycin 5 MG/ML Injection
998bb5b4,c2333627,2002-07-31T03:12:15Z,2002-07-31T03:12:15Z,1659131,piperacillin 2000 MG / tazobactam 250 MG Injection
998bb5b4,c2333627,2002-07-31T03:12:15Z,2002-07-31T03:12:15Z,1807510,150 ML vancomycin 5 MG/ML Injection
998bb5b4,c2333627,2002-08-07T21:12:15Z,2002-08-07T21:12:15Z,242969,4 ML norepinephrine 1 MG/ML Injection
9bb2026c,00dcdb31,2018-07-03T20:27:08Z,2018-07-03T20:27:08Z,1659131,piperacillin 2000 MG / tazobactam 250 MG Injection
9bb2026c,00dcdb31,2018-07-03T20:27:08Z,2018-07-03T20:27:08Z,1807510,150 ML vancomycin 5 MG/ML Injection
9bc672a8,4b0cf772,2023-03-14T05:45:48Z,2023-03-14T05:45:48Z,1659131,piperacillin 2000 MG / tazobactam 250 MG Injection
9bc672a8,4b0cf772,2023-03-14T05:45:48Z,2023-03-14T05:45:48Z,1807510,150 ML vancomycin 5 MG/ML Injection
9c20d7a8,53e96a2e,2023-01-21T11:49:49Z,2023-01-21T11:49:49Z,1659131,piperacillin 2000 MG / tazobactam 250 MG Injection
9c20d7a8,53e96a2e,2023-01-21T11:49:49Z,2023-01-21T11:49:49Z,1807510,150 ML vancomycin 5 MG/ML Injection
9c99987d,9dc56e74,2019-11-14T19:59:03Z,2019-11-14T19:59:03Z,1659131,piperacillin 2000 MG / tazobactam 250 MG Injection
9c99987d,9dc56e74,2019-11-14T19:59:03Z,2019-11-14T19:59:03Z,1807510,150 ML vancomycin 5 MG/ML Injection
9c99987d,9dc56e74,2019-11-14T21:29:03Z,2019-11-14T21:29:03Z,242969,4 ML norepinephrine 1 MG/ML Injection
9cd939f6,9e8cf79c,2012-12-12T03:15:50Z,2012-12-12T03:15:50Z,1659131,piperacillin 2000 MG / tazobactam 250 MG Injection
9cd939f6,9e8cf79c,2012-12-12T03:15:50Z,2012-12-12T03:15:50Z,1807510,150 ML vancomycin 5 MG/ML Injection
9cd939f6,9e8cf79c,2012-12-12T04:45:50Z,2012-12-12T04:45:50Z,242969,4 ML norepinephrine 1 MG/ML Injection
9d2a8c29,6f2e7fee,2018-08-14T01:41:31Z,2018-08-14T01:41:31Z,1659131,piperacillin 2000 MG / tazobactam 250 MG Injection
9d2a8c29,6f2e7fee,2018-08-14T01:41:31Z,2018-08-14T01:41:31Z,1807510,150 ML vancomycin 5 MG/ML Injection
9d30795b,8e26c52b,2016-01-23T09:02:11Z,2016-01-23T09:02:11Z,1659131,piperacillin 2000 MG / tazobactam 250 MG Injection
9d30795b,8e26c52b,2016-01-23T09:02:11Z,2016-01-23T09:02:11Z,1807510,150 ML vancomycin 5 MG/ML Injection
9d30795b,8e26c52b,2016-02-02T00:02:11Z,2016-02-02T00:02:11Z,242969,4 ML norepinephrine 1 MG/ML Injection
9f56f9a4,ea07af4c,2022-05-27T18:45:02Z,2022-05-27T18:45:02Z,1659131,piperacillin 2000 MG / tazobactam 250 MG Injection
9f56f9a4,ea07af4c,2022-05-27T18:45:02Z,2022-05-27T18:45:02Z,1807510,150 ML vancomycin 5 MG/ML Injection
9f56f9a4,ea07af4c,2022-06-06T14:45:02Z,2022-06-06T14:45:02Z,242969,4 ML norepinephrine 1 MG/ML Injection
a07b56ea,f0242eff,2021-04-18T19:24:01Z,2021-04-18T19:24:01Z,1659131,piperacillin 2000 MG / tazobactam 250 MG Injection
a07b56ea,f0242eff,2021-04-18T19:24:01Z,2021-04-18T19:24:01Z,1807510,150 ML vancomycin 5 MG/ML Injection
a4ecd825,8fe59214,2024-09-15T19:52:24Z,2024-09-15T19:52:24Z,1659131,piperacillin 2000 MG / tazobactam 250 MG Injection
a4ecd825,8fe59214,2024-09-15T19:52:24Z,2024-09-15T19:52:24Z,1807510,150 ML vancomycin 5 MG/ML Injection
ac1a13e1,d407b3a3,2004-01-27T12:41:17Z,2004-01-27T12:41:17Z,1659131,piperacillin 2000 MG / tazobactam 250 MG Injection
ac1a13e1,d407b3a3,2004-01-27T12:41:17Z,2004-01-27T12:41:17Z,1807510,150 ML vancomycin 5 MG/ML Injection
ac319cb6,3db73ddd,2016-01-12T22:51:01Z,2016-01-12T22:51:01Z,1659131,piperacillin 2000 MG / tazobactam 250 MG Injection
ac319cb6,3db73ddd,2016-01-12T22:51:01Z,2016-01-12T22:51:01Z,1807510,150 ML vancomycin 5 MG/ML Injection
ac413d78,f3ed360c,2020-07-31T21:28:57Z,2020-07-31T21:28:57Z,1659131,piperacillin 2000 MG / tazobactam 250 MG Injection
ac413d78,f3ed360c,2020-07-31T21:28:57Z,2020-07-31T21:28:57Z,1807510,150 ML vancomycin 5 MG/ML Injection
ac413d78,f3ed360c,2020-08-07T13:28:57Z,2020-08-07T13:28:57Z,242969,4 ML norepinephrine 1 MG/ML Injection
ad3b77df,28bd271b,2011-12-31T23:31:56Z,2011-12-31T23:31:56Z,1659131,piperacillin 2000 MG / tazobactam 250 MG Injection
ad3b77df,28bd271b,2011-12-31T23:31:56Z,2011-12-31T23:31:56Z,1807510,150 ML vancomycin 5 MG/ML Injection
ad3b77df,28bd271b,2012-01-10T20:31:56Z,2012-01-10T20:31:56Z,242969,4 ML norepinephrine 1 MG/ML Injection
ad3b77df,28bd271b,2012-01-16T04:01:56Z,2012-01-16T04:01:56Z,242969,4 ML norepinephrine 1 MG/ML Injection
ae75d289,f9ea1320,2021-06-21T22:00:31Z,2021-06-21T22:00:31Z,1659131,piperacillin 2000 MG / tazobactam 250 MG Injection
ae75d289,f9ea1320,2021-06-21T22:00:31Z,2021-06-21T22:00:31Z,1807510,150 ML vancomycin 5 MG/ML Injection
aed9ddcb,b944a8c0,2018-03-13T07:32:34Z,2018-03-13T07:32:34Z,1659131,piperacillin 2000 MG / tazobactam 250 MG Injection
aed9ddcb,b944a8c0,2018-03-13T07:32:34Z,2018-03-13T07:32:34Z,1807510,150 ML vancomycin 5 MG/ML Injection
b059aefa,3fb835ee,2019-02-12T00:47:35Z,2019-02-12T00:47:35Z,1659131,piperacillin 2000 MG / tazobactam 250 MG Injection
b059aefa,3fb835ee,2019-02-12T00:47:35Z,2019-02-12T00:47:35Z,1807510,150 ML vancomycin 5 MG/ML Injection
b212e6fd,e4fd6ee0,2023-03-13T16:00:30Z,2023-03-13T16:00:30Z,1659131,piperacillin 2000 MG / tazobactam 250 MG Injection
b212e6fd,e4fd6ee0,2023-03-13T16:00:30Z,2023-03-13T16:00:30Z,1807510,150 ML vancomycin 5 MG/ML Injection
b212e6fd,e4fd6ee0,2023-03-23T16:00:30Z,2023-03-23T16:00:30Z,242969,4 ML norepinephrine 1 MG/ML Injection
b21c6f3d,39084767,2016-05-24T22:00:20Z,2016-05-24T22:00:20Z,1659131,piperacillin 2000 MG / tazobactam 250 MG Injection
b21c6f3d,39084767,2016-05-24T22:00:20Z,2016-05-24T22:00:20Z,1807510,150 ML vancomycin 5 MG/ML Injection
b327178b,8026a0e3,2006-03-09T16:23:53Z,2006-03-09T16:23:53Z,1659131,piperacillin 2000 MG / tazobactam 250 MG Injection
b327178b,8026a0e3,2006-03-09T16:23:53Z,2006-03-09T16:23:53Z,1807510,150 ML vancomycin 5 MG/ML Injection
b327178b,8026a0e3,2006-03-17T18:23:53Z,2006-03-17T18:23:53Z,242969,4 ML norepinephrine 1 MG/ML Injection
b3630361,9abdc3b3,2024-05-09T08:28:24Z,2024-05-09T08:28:24Z,1659131,piperacillin 2000 MG / tazobactam 250 MG Injection
b3630361,9abdc3b3,2024-05-09T08:28:24Z,2024-05-09T08:28:24Z,1807510,150 ML vancomycin 5 MG/ML Injection
b3630361,9abdc3b3,2024-05-17T03:28:24Z,2024-05-17T03:28:24Z,242969,4 ML norepinephrine 1 MG/ML Injection
b3c4ba01,42b39e78,2000-09-30T05:14:54Z,2000-09-30T05:14:54Z,1659131,piperacillin 2000 MG / tazobactam 250 MG Injection
b3c4ba01,42b39e78,2000-09-30T05:14:54Z,2000-09-30T05:14:54Z,1807510,150 ML vancomycin 5 MG/ML Injection
b401cf83,9cff1232,2004-08-26T09:07:21Z,2004-08-26T09:07:21Z,1659131,piperacillin 2000 MG / tazobactam 250 MG Injection
b401cf83,9cff1232,2004-08-26T09:07:21Z,2004-08-26T09:07:21Z,1807510,150 ML vancomycin 5 MG/ML Injection
b401cf83,9cff1232,2004-09-04T09:07:21Z,2004-09-04T09:07:21Z,242969,4 ML norepinephrine 1 MG/ML Injection
b401cf83,9cff1232,2004-09-11T10:37:21Z,2004-09-11T10:37:21Z,242969,4 ML norepinephrine 1 MG/ML Injection
b4f4001b,8fde3b28,2020-07-23T16:06:40Z,2020-07-23T16:06:40Z,1659131,piperacillin 2000 MG / tazobactam 250 MG Injection
b4f4001b,8fde3b28,2020-07-23T16:06:40Z,2020-07-23T16:06:40Z,1807510,150 ML vancomycin 5 MG/ML Injection
b6545b9e,32043a2b,2018-08-28T15:18:03Z,2018-08-28T15:18:03Z,1659131,piperacillin 2000 MG / tazobactam 250 MG Injection
b6545b9e,32043a2b,2018-08-28T15:18:03Z,2018-08-28T15:18:03Z,1807510,150 ML vancomycin 5 MG/ML Injection
b8050fbb,bdb0d274,2015-09-28T16:44:08Z,2015-09-28T16:44:08Z,1659131,piperacillin 2000 MG / tazobactam 250 MG Injection
b8050fbb,bdb0d274,2015-09-28T16:44:08Z,2015-09-28T16:44:08Z,1807510,150 ML vancomycin 5 MG/ML Injection
b924aa3b,d9479f9b,2011-06-12T01:26:52Z,2011-06-12T01:26:52Z,1659131,piperacillin 2000 MG / tazobactam 250 MG Injection
b924aa3b,d9479f9b,2011-06-12T01:26:52Z,2011-06-12T01:26:52Z,1807510,150 ML vancomycin 5 MG/ML Injection
b9b14f2d,39b9e505,2023-11-05T10:52:06Z,2023-11-05T10:52:06Z,1659131,piperacillin 2000 MG / tazobactam 250 MG Injection
b9b14f2d,39b9e505,2023-11-05T10:52:06Z,2023-11-05T10:52:06Z,1807510,150 ML vancomycin 5 MG/ML Injection
b9f62729,0ba6b426,2022-11-15T17:31:26Z,2022-11-15T17:31:26Z,1659131,piperacillin 2000 MG / tazobactam 250 MG Injection
b9f62729,0ba6b426,2022-11-15T17:31:26Z,2022-11-15T17:31:26Z,1807510,150 ML vancomycin 5 MG/ML Injection
ba5fc57d,944b9525,2017-10-02T04:24:43Z,2017-10-02T04:24:43Z,1659131,piperacillin 2000 MG / tazobactam 250 MG Injection
ba5fc57d,944b9525,2017-10-02T04:24:43Z,2017-10-02T04:24:43Z,1807510,150 ML vancomycin 5 MG/ML Injection
ba5fc57d,944b9525,2017-10-10T05:24:43Z,2017-10-10T05:24:43Z,242969,4 ML norepinephrine 1 MG/ML Injection
ba5fc57d,944b9525,2017-10-16T21:54:43Z,2017-10-16T21:54:43Z,242969,4 ML norepinephrine 1 MG/ML Injection
ba5fc57d,944b9525,2017-10-25T00:24:43Z,2017-10-25T00:24:43Z,242969,4 ML norepinephrine 1 MG/ML Injection
ba5fc57d,944b9525,2017-11-05T06:54:43Z,2017-11-05T06:54:43Z,242969,4 ML norepinephrine 1 MG/ML Injection
bb27df37,328f0204,2004-07-21T08:36:29Z,2004-07-21T08:36:29Z,1659131,piperacillin 2000 MG / tazobactam 250 MG Injection
bb27df37,328f0204,2004-07-21T08:36:29Z,2004-07-21T08:36:29Z,1807510,150 ML vancomycin 5 MG/ML Injection
bb9d4b66,57f72c95,2024-03-03T02:57:04Z,2024-03-03T02:57:04Z,1659131,piperacillin 2000 MG / tazobactam 250 MG Injection
bb9d4b66,57f72c95,2024-03-03T02:57:04Z,2024-03-03T02:57:04Z,1807510,150 ML vancomycin 5 MG/ML Injection
bd2f795b,c2fae3ff,2019-11-13T20:26:21Z,2019-11-13T20:26:21Z,1659131,piperacillin 2000 MG / tazobactam 250 MG Injection
bd2f795b,c2fae3ff,2019-11-13T20:26:21Z,2019-11-13T20:26:21Z,1807510,150 ML vancomycin 5 MG/ML Injection
bd2f795b,c2fae3ff,2019-11-19T21:26:21Z,2019-11-19T21:26:21Z,242969,4 ML norepinephrine 1 MG/ML Injection
bfaeedd7,384692e2,2022-04-16T05:38:48Z,2022-04-16T05:38:48Z,1659131,piperacillin 2000 MG / tazobactam 250 MG Injection
bfaeedd7,384692e2,2022-04-16T05:38:48Z,2022-04-16T05:38:48Z,1807510,150 ML vancomycin 5 MG/ML Injection
c0853494,731716bd,2001-08-27T19:50:38Z,2001-08-27T19:50:38Z,1659131,piperacillin 2000 MG / tazobactam 250 MG Injection
c0853494,731716bd,2001-08-27T19:50:38Z,2001-08-27T19:50:38Z,1807510,150 ML vancomycin 5 MG/ML Injection
c0853494,731716bd,2001-08-27T21:20:38Z,2001-08-27T21:20:38Z,242969,4 ML norepinephrine 1 MG/ML Injection
c2bd4711,cf6b0539,2018-11-17T20:25:53Z,2018-11-17T20:25:53Z,1659131,piperacillin 2000 MG / tazobactam 250 MG Injection
c2bd4711,cf6b0539,2018-11-17T20:25:53Z,2018-11-17T20:25:53Z,1807510,150 ML vancomycin 5 MG/ML Injection
c2bd4711,cf6b0539,2018-11-17T21:55:53Z,2018-11-17T21:55:53Z,242969,4 ML norepinephrine 1 MG/ML Injection
c2bd4711,cf6b0539,2018-11-27T06:25:53Z,2018-11-27T06:25:53Z,242969,4 ML norepinephrine 1 MG/ML Injection
c41ce7f5,ae6f0440,2021-01-04T05:09:38Z,2021-01-04T05:09:38Z,1659131,piperacillin 2000 MG / tazobactam 250 MG Injection
c41ce7f5,ae6f0440,2021-01-04T05:09:38Z,2021-01-04T05:09:38Z,1807510,150 ML vancomycin 5 MG/ML Injection
c657bce5,0420a06d,2020-10-26T10:12:42Z,2020-10-26T10:12:42Z,1659131,piperacillin 2000 MG / tazobactam 250 MG Injection
c657bce5,0420a06d,2020-10-26T10:12:42Z,2020-10-26T10:12:42Z,1807510,150 ML vancomycin 5 MG/ML Injection
c807c321,d5534e94,2017-10-29T04:13:50Z,2017-10-29T04:13:50Z,1659131,piperacillin 2000 MG / tazobactam 250 MG Injection
c807c321,d5534e94,2017-10-29T04:13:50Z,2017-10-29T04:13:50Z,1807510,150 ML vancomycin 5 MG/ML Injection
c8458704,9cf08fac,2009-09-12T06:17:09Z,2009-09-12T06:17:09Z,1659131,piperacillin 2000 MG / tazobactam 250 MG Injection
c8458704,9cf08fac,2009-09-12T06:17:09Z,2009-09-12T06:17:09Z,1807510,150 ML vancomycin 5 MG/ML Injection
c90273ea,6bce12f1,2016-12-01T08:10:03Z,2016-12-01T08:10:03Z,1659131,piperacillin 2000 MG / tazobactam 250 MG Injection
c90273ea,6bce12f1,2016-12-01T08:10:03Z,2016-12-01T08:10:03Z,1807510,150 ML vancomycin 5 MG/ML Injection
c90273ea,6bce12f1,2016-12-06T01:10:03Z,2016-12-06T01:10:03Z,242969,4 ML norepinephrine 1 MG/ML Injection
c90273ea,6bce12f1,2016-12-12T23:40:03Z,2016-12-12T23:40:03Z,242969,4 ML norepinephrine 1 MG/ML Injection
ca6ec8a7,6bf3f7f6,2013-06-01T08:41:39Z,2013-06-01T08:41:39Z,1659131,piperacillin 2000 MG / tazobactam 250 MG Injection
ca6ec8a7,6bf3f7f6,2013-06-01T08:41:39Z,2013-06-01T08:41:39Z,1807510,150 ML vancomycin 5 MG/ML Injection
ca6ec8a7,6bf3f7f6,2013-06-10T22:41:39Z,2013-06-10T22:41:39Z,242969,4 ML norepinephrine 1 MG/ML Injection
ccad3caf,24dfdc84,2017-03-28T19:16:11Z,2017-03-28T19:16:11Z,1659131,piperacillin 2000 MG / tazobactam 250 MG Injection
ccad3caf,24dfdc84,2017-03-28T19:16:11Z,2017-03-28T19:16:11Z,1807510,150 ML vancomycin 5 MG/ML Injection
ccad3caf,24dfdc84,2017-03-28T20:46:11Z,2017-03-28T20:46:11Z,242969,4 ML norepinephrine 1 MG/ML Injection
d06b163f,06bef339,2022-10-26T09:24:11Z,2022-10-26T09:24:11Z,1659131,piperacillin 2000 MG / tazobactam 250 MG Injection
d06b163f,06bef339,2022-10-26T09:24:11Z,2022-10-26T09:24:11Z,1807510,150 ML vancomycin 5 MG/ML Injection
d1467dc5,31e1e65c,2013-04-21T01:32:44Z,2013-04-21T01:32:44Z,1659131,piperacillin 2000 MG / tazobactam 250 MG Injection
d1467dc5,31e1e65c,2013-04-21T01:32:44Z,2013-04-21T01:32:44Z,1807510,150 ML vancomycin 5 MG/ML Injection
d2343b4c,59939d5c,2023-08-19T21:11:33Z,2023-08-19T21:11:33Z,1659131,piperacillin 2000 MG / tazobactam 250 MG Injection
d2343b4c,59939d5c,2023-08-19T21:11:33Z,2023-08-19T21:11:33Z,1807510,150 ML vancomycin 5 MG/ML Injection
d23954e2,38185df5,2011-10-02T01:32:44Z,2011-10-02T01:32:44Z,1659131,piperacillin 2000 MG / tazobactam 250 MG Injection
d23954e2,38185df5,2011-10-02T01:32:44Z,2011-10-02T01:32:44Z,1807510,150 ML vancomycin 5 MG/ML Injection
d23954e2,38185df5,2011-10-02T03:02:44Z,2011-10-02T03:02:44Z,242969,4 ML norepinephrine 1 MG/ML Injection
d23954e2,38185df5,2011-10-07T08:32:44Z,2011-10-07T08:32:44Z,242969,4 ML norepinephrine 1 MG/ML Injection
d46a6070,535a2172,2020-01-07T18:46:54Z,2020-01-07T18:46:54Z,1659131,piperacillin 2000 MG / tazobactam 250 MG Injection
d46a6070,535a2172,2020-01-07T18:46:54Z,2020-01-07T18:46:54Z,1807510,150 ML vancomycin 5 MG/ML Injection
d7a8a863,19962c41,2019-10-29T04:57:18Z,2019-10-29T04:57:18Z,1659131,piperacillin 2000 MG / tazobactam 250 MG Injection
d7a8a863,19962c41,2019-10-29T04:57:18Z,2019-10-29T04:57:18Z,1807510,150 ML vancomycin 5 MG/ML Injection
d80045d8,8330e7fc,2023-01-19T14:38:33Z,2023-01-19T14:38:33Z,1659131,piperacillin 2000 MG / tazobactam 250 MG Injection
d80045d8,8330e7fc,2023-01-19T14:38:33Z,2023-01-19T14:38:33Z,1807510,150 ML vancomycin 5 MG/ML Injection
d95eefad,ce9c6b21,2019-04-13T02:54:34Z,2019-04-13T02:54:34Z,1659131,piperacillin 2000 MG / tazobactam 250 MG Injection
d95eefad,ce9c6b21,2019-04-13T02:54:34Z,2019-04-13T02:54:34Z,1807510,150 ML vancomycin 5 MG/ML Injection
d95eefad,ce9c6b21,2019-04-13T04:24:34Z,2019-04-13T04:24:34Z,242969,4 ML norepinephrine 1 MG/ML Injection
da10e568,c89318ed,2023-06-30T09:27:27Z,2023-06-30T09:27:27Z,1659131,piperacillin 2000 MG / tazobactam 250 MG Injection
da10e568,c89318ed,2023-06-30T09:27:27Z,2023-06-30T09:27:27Z,1807510,150 ML vancomycin 5 MG/ML Injection
dbff52e4,4dde3684,2017-02-15T12:37:02Z,2017-02-15T12:37:02Z,1659131,piperacillin 2000 MG / tazobactam 250 MG Injection
dbff52e4,4dde3684,2017-02-15T12:37:02Z,2017-02-15T12:37:02Z,1807510,150 ML vancomycin 5 MG/ML Injection
dcef02ab,029941b5,2023-02-08T06:46:28Z,2023-02-08T06:46:28Z,1659131,piperacillin 2000 MG / tazobactam 250 MG Injection
dcef02ab,029941b5,2023-02-08T06:46:28Z,2023-02-08T06:46:28Z,1807510,150 ML vancomycin 5 MG/ML Injection
de535bac,20a05b70,2017-11-03T11:59:27Z,2017-11-03T11:59:27Z,1659131,piperacillin 2000 MG / tazobactam 250 MG Injection
de535bac,20a05b70,2017-11-03T11:59:27Z,2017-11-03T11:59:27Z,1807510,150 ML vancomycin 5 MG/ML Injection
dfd43ed8,0a673438,2016-05-10T01:01:17Z,2016-05-10T01:01:17Z,1659131,piperacillin 2000 MG / tazobactam 250 MG Injection
dfd43ed8,0a673438,2016-05-10T01:01:17Z,2016-05-10T01:01:17Z,1807510,150 ML vancomycin 5 MG/ML Injection
dfd43ed8,0a673438,2016-05-15T19:01:17Z,2016-05-15T19:01:17Z,242969,4 ML norepinephrine 1 MG/ML Injection
dffed927,bb7c85c3,2002-04-03T08:16:49Z,2002-04-03T08:16:49Z,1659131,piperacillin 2000 MG / tazobactam 250 MG Injection
dffed927,bb7c85c3,2002-04-03T08:16:49Z,2002-04-03T08:16:49Z,1807510,150 ML vancomycin 5 MG/ML Injection
dffed927,bb7c85c3,2002-04-03T09:46:49Z,2002-04-03T09:46:49Z,242969,4 ML norepinephrine 1 MG/ML Injection
e10b4d31,67e841d7,2020-03-28T04:50:30Z,2020-03-28T04:50:30Z,1659131,piperacillin 2000 MG / tazobactam 250 MG Injection
e10b4d31,67e841d7,2020-03-28T04:50:30Z,2020-03-28T04:50:30Z,1807510,150 ML vancomycin 5 MG/ML Injection
e5bb66bd,b5e2fecb,2002-07-10T04:24:43Z,2002-07-10T04:24:43Z,1659131,piperacillin 2000 MG / tazobactam 250 MG Injection
e5bb66bd,b5e2fecb,2002-07-10T04:24:43Z,2002-07-10T04:24:43Z,1807510,150 ML vancomycin 5 MG/ML Injection
e5bb66bd,b5e2fecb,2002-07-10T05:54:43Z,2002-07-10T05:54:43Z,242969,4 ML norepinephrine 1 MG/ML Injection
e5bb66bd,b5e2fecb,2002-07-15T04:24:43Z,2002-07-15T04:24:43Z,242969,4 ML norepinephrine 1 MG/ML Injection
e5bb66bd,b5e2fecb,2002-07-20T06:54:43Z,2002-07-20T06:54:43Z,242969,4 ML norepinephrine 1 MG/ML Injection
e65a4348,1009b541,2010-02-06T18:49:43Z,2010-02-06T18:49:43Z,1659131,piperacillin 2000 MG / tazobactam 250 MG Injection
e65a4348,1009b541,2010-02-06T18:49:43Z,2010-02-06T18:49:43Z,1807510,150 ML vancomycin 5 MG/ML Injection
e65a4348,1009b541,2010-02-11T02:49:43Z,2010-02-11T02:49:43Z,242969,4 ML norepinephrine 1 MG/ML Injection
e67e3f9b,1e8b5a35,2022-05-11T06:26:40Z,2022-05-11T06:26:40Z,1659131,piperacillin 2000 MG / tazobactam 250 MG Injection
e67e3f9b,1e8b5a35,2022-05-11T06:26:40Z,2022-05-11T06:26:40Z,1807510,150 ML vancomycin 5 MG/ML Injection
e67e3f9b,1e8b5a35,2022-05-16T05:26:40Z,2022-05-16T05:26:40Z,242969,4 ML norepinephrine 1 MG/ML Injection
e67e3f9b,1e8b5a35,2022-05-24T10:56:40Z,2022-05-24T10:56:40Z,242969,4 ML norepinephrine 1 MG/ML Injection
e6b803f5,9e89bc3f,2022-03-19T08:22:00Z,2022-03-19T08:22:00Z,1659131,piperacillin 2000 MG / tazobactam 250 MG Injection
e6b803f5,9e89bc3f,2022-03-19T08:22:00Z,2022-03-19T08:22:00Z,1807510,150 ML vancomycin 5 MG/ML Injection
e722f49e,e327bc68,2001-10-05T18:19:57Z,2001-10-05T18:19:57Z,1659131,piperacillin 2000 MG / tazobactam 250 MG Injection
e722f49e,e327bc68,2001-10-05T18:19:57Z,2001-10-05T18:19:57Z,1807510,150 ML vancomycin 5 MG/ML Injection
e722f49e,e327bc68,2001-10-05T19:49:57Z,2001-10-05T19:49:57Z,242969,4 ML norepinephrine 1 MG/ML Injection
e722f49e,e327bc68,2001-10-19T21:49:57Z,2001-10-19T21:49:57Z,242969,4 ML norepinephrine 1 MG/ML Injection
e83f8c8e,5c2f6c85,2019-03-31T20:52:40Z,2019-03-31T20:52:40Z,1659131,piperacillin 2000 MG / tazobactam 250 MG Injection
e83f8c8e,5c2f6c85,2019-03-31T20:52:40Z,2019-03-31T20:52:40Z,1807510,150 ML vancomycin 5 MG/ML Injection
e90ee4ca,31da5b27,2020-10-07T14:14:15Z,2020-10-07T14:14:15Z,1659131,piperacillin 2000 MG / tazobactam 250 MG Injection
e90ee4ca,31da5b27,2020-10-07T14:14:15Z,2020-10-07T14:14:15Z,1807510,150 ML vancomycin 5 MG/ML Injection
eb4e8b3e,82ff9d84,2015-11-15T05:35:32Z,2015-11-15T05:35:32Z,1659131,piperacillin 2000 MG / tazobactam 250 MG Injection
eb4e8b3e,82ff9d84,2015-11-15T05:35:32Z,2015-11-15T05:35:32Z,1807510,150 ML vancomycin 5 MG/ML Injection
eb4e8b3e,82ff9d84,2015-11-21T13:35:32Z,2015-11-21T13:35:32Z,242969,4 ML norepinephrine 1 MG/ML Injection
ec691862,fed32db6,2016-03-30T20:29:56Z,2016-03-30T20:29:56Z,1659131,piperacillin 2000 MG / tazobactam 250 MG Injection
ec691862,fed32db6,2016-03-30T20:29:56Z,2016-03-30T20:29:56Z,1807510,150 ML vancomycin 5 MG/ML Injection
ecc1116b,1cc10cad,2024-10-23T10:49:25Z,2024-10-23T10:49:25Z,1659131,piperacillin 2000 MG / tazobactam 250 MG Injection
ecc1116b,1cc10cad,2024-10-23T10:49:25Z,2024-10-23T10:49:25Z,1807510,150 ML vancomycin 5 MG/ML Injection
ecc1116b,1cc10cad,2024-10-23T12:19:25Z,2024-10-23T12:19:25Z,242969,4 ML norepinephrine 1 MG/ML Injection
ecc1116b,1cc10cad,2024-10-30T13:49:25Z,2024-10-30T13:49:25Z,242969,4 ML norepinephrine 1 MG/ML Injection
ecfa6de4,9d90c431,2011-01-05T08:41:39Z,2011-01-05T08:41:39Z,1659131,piperacillin 2000 MG / tazobactam 250 MG Injection
ecfa6de4,9d90c431,2011-01-05T08:41:39Z,2011-01-05T08:41:39Z,1807510,150 ML vancomycin 5 MG/ML Injection
ef00e6c3,efd374b3,2015-12-24T08:16:57Z,2015-12-24T08:16:57Z,1659131,piperacillin 2000 MG / tazobactam 250 MG Injection
ef00e6c3,efd374b3,2015-12-24T08:16:57Z,2015-12-24T08:16:57Z,1807510,150 ML vancomycin 5 MG/ML Injection
f10380f0,7d7dd3f1,2022-02-08T16:44:43Z,2022-02-08T16:44:43Z,1659131,piperacillin 2000 MG / tazobactam 250 MG Injection
f10380f0,7d7dd3f1,2022-02-08T16:44:43Z,2022-02-08T16:44:43Z,1807510,150 ML vancomycin 5 MG/ML Injection
f1cbb7ac,1a773ba3,2019-10-29T21:33:21Z,2019-10-29T21:33:21Z,1659131,piperacillin 2000 MG / tazobactam 250 MG Injection
f1cbb7ac,1a773ba3,2019-10-29T21:33:21Z,2019-10-29T21:33:21Z,1807510,150 ML vancomycin 5 MG/ML Injection
f36acc4f,15d9a48e,2018-05-09T17:18:57Z,2018-05-09T17:18:57Z,1659131,piperacillin 2000 MG / tazobactam 250 MG Injection
f36acc4f,15d9a48e,2018-05-09T17:18:57Z,2018-05-09T17:18:57Z,1807510,150 ML vancomycin 5 MG/ML Injection
f3827394,f189b513,2018-11-18T18:10:07Z,2018-11-18T18:10:07Z,1659131,piperacillin 2000 MG / tazobactam 250 MG Injection
f3827394,f189b513,2018-11-18T18:10:07Z,2018-11-18T18:10:07Z,1807510,150 ML vancomycin 5 MG/ML Injection
f4b84687,e3c0c217,2024-03-17T04:35:56Z,2024-03-17T04:35:56Z,1659131,piperacillin 2000 MG / tazobactam 250 MG Injection
f4b84687,e3c0c217,2024-03-17T04:35:56Z,2024-03-17T04:35:56Z,1807510,150 ML vancomycin 5 MG/ML Injection
f4b84687,e3c0c217,2024-03-17T06:05:56Z,2024-03-17T06:05:56Z,242969,4 ML norepinephrine 1 MG/ML Injection
f6ed0fe9,56c5869c,2016-12-11T20:02:01Z,2016-12-11T20:02:01Z,1659131,piperacillin 2000 MG / tazobactam 250 MG Injection
f6ed0fe9,56c5869c,2016-12-11T20:02:01Z,2016-12-11T20:02:01Z,1807510,150 ML vancomycin 5 MG/ML Injection
f6ed0fe9,56c5869c,2016-12-15T08:02:01Z,2016-12-15T08:02:01Z,242969,4 ML norepinephrine 1 MG/ML Injection
f81c89ae,fb446bc3,2020-09-05T10:54:36Z,2020-09-05T10:54:36Z,1659131,piperacillin 2000 MG / tazobactam 250 MG Injection
f81c89ae,fb446bc3,2020-09-05T10:54:36Z,2020-09-05T10:54:36Z,1807510,150 ML vancomycin 5 MG/ML Injection
f81c89ae,fb446bc3,2020-09-09T15:54:36Z,2020-09-09T15:54:36Z,242969,4 ML norepinephrine 1 MG/ML Injection
f92abde3,ff835d44,2021-08-02T03:05:38Z,2021-08-02T03:05:38Z,1659131,piperacillin 2000 MG / tazobactam 250 MG Injection
f92abde3,ff835d44,2021-08-02T03:05:38Z,2021-08-02T03:05:38Z,1807510,150 ML vancomycin 5 MG/ML Injection
fb90dd0d,dba6bd14,2024-03-08T13:46:12Z,2024-03-08T13:46:12Z,1659131,piperacillin 2000 MG / tazobactam 250 MG Injection
fb90dd0d,dba6bd14,2024-03-08T13:46:12Z,2024-03-08T13:46:12Z,1807510,150 ML vancomycin 5 MG/ML Injection
fb90dd0d,dba6bd14,2024-03-15T02:46:12Z,2024-03-15T02:46:12Z,242969,4 ML norepinephrine 1 MG/ML Injection
fd2d9c0b,5821d2c8,2017-11-08T12:36:26Z,2017-11-08T12:36:26Z,1659131,piperacillin 2000 MG / tazobactam 250 MG Injection
fd2d9c0b,5821d2c8,2017-11-08T12:36:26Z,2017-11-08T12:36:26Z,1807510,150 ML vancomycin 5 MG/ML Injection
fd2d9c0b,5821d2c8,2017-11-16T02:36:26Z,2017-11-16T02:36:26Z,242969,4 ML norepinephrine 1 MG/ML Injection
ffca5abf,f5caa3e2,2016-11-26T18:32:48Z,2016-11-26T18:32:48Z,1659131,piperacillin 2000 MG / tazobactam 250 MG Injection
ffca5abf,f5caa3e2,2016-11-26T18:32:48Z,2016-11-26T18:32:48Z,1807510,150 ML vancomycin 5 MG/ML Injection
ffff6ea6,0135f96c,2001-06-11T15:57:28Z,2001-06-11T15:57:28Z,1659131,piperacillin 2000 MG / tazobactam 250 MG Injection
ffff6ea6,0135f96c,2001-06-11T15:57:28Z,2001-06-11T15:57:28Z,1807510,150 ML vancomycin 5 MG/ML Injection
ffff6ea6,0135f96c,2001-06-15T04:57:28Z,2001-06-15T04:57:28Z,242969,4 ML norepinephrine 1 MG/ML Injection
ffff6ea6,0135f96c,2001-06-26T03:57:28Z,2001-06-26T03:57:28Z,242969,4 ML norepinephrine 1 MG/ML Injection
ffff6ea6,0135f96c,2001-07-04T09:27:28Z,2001-07-04T09:27:28Z,242969,4 ML norepinephrine 1 MG/ML Injection
