id,hospital_name,hospital_x,hospital_y
7bd1637b-3a6b-3ec6-8fa7-d7678a14c645,WELLSPAN EPHRATA COMMUNITY HOSPITAL,-76.18205522349747,40.187511400000005
fe427f33-c1a2-3511-b630-ab3571db3540,ABINGTON MEMORIAL HOSPITAL,-75.12019398442041,40.1196538
09d855e7-e3fc-3155-97ca-32249e5240d3,"MAIN LINE HOSPITALS, INC.",-75.2707469,40.0028514
1451d53a-2f37-335f-8d5e-1fde550214d3,THOMAS JEFFERSON UNIVERSITY HOSPITAL,-75.11623055715701,40.1507046
f33ee2f9-6577-3235-935c-adbf487cb0f0,"MAIN LINE HOSPITALS, INC.",-75.2707469,40.0028514
d79d354e-fb52-3dc4-874c-43935343d736,PENN PRESBYTERIAN MEDICAL CENTER,-75.19932867448692,39.9584948
aa8e2e37-49df-3ced-bf28-1dd430649da4,HOSPITAL OF UNIV OF PENNSYLVANIA,-75.1635262,39.9527237
d551023b-e3d7-3466-887e-5746d1a8a1e2,HOSPITAL OF UNIV OF PENNSYLVANIA,-75.1635262,39.9527237
cd9e4b3e-3a13-3340-8b12-1c6d3af3a7d6,ALBERT EINSTEIN MEDICAL CENTER,-75.14158870992098,40.0368481
b34293de-edff-3cb6-9055-338e3616d6aa,"TEMPLE UNIVERSITY HOSPITAL, INC",-75.12913941101698,39.98982305
75a3028c-a728-316b-9b2d-a13cc263d7f8,ABINGTON MEMORIAL HOSPITAL,-75.12019398442041,40.1196538
81589c19-7cf6-3cad-841a-bcf049aaf0ae,ALBERT EINSTEIN MEDICAL CENTER,-75.14158870992098,40.0368481
a76ae10e-254a-3c0a-8668-e3f5a39e8450,"MAIN LINE HOSPITALS, INC.",-75.32109563189564,40.0193369
a7e92b04-cbe6-3c4e-8174-373f44e3885e,ABINGTON MEMORIAL HOSPITAL,-75.12019398442041,40.1196538
85ade90d-ceed-3642-bec1-b29fb34d8e6c,ROXBOROUGH MEMORIAL HOSPITAL,-75.20929984465803,40.02896325
cec71a24-2a11-3823-972d-22c7f496a522,PENN PRESBYTERIAN MEDICAL CENTER,-75.19932867448692,39.9584948
66e255d4-417c-3885-aa82-13b19ab17712,"MAIN LINE HOSPITALS, INC.",-75.32109563189564,40.0193369
ca70e1d9-ca0f-368c-a653-e45fbfe50516,NAZARETH HOSPITAL,-75.04005520422054,40.060166800000005
c56aae9e-5757-3695-865b-89bad8276e6f,EINSTEIN MEDICAL CENTER MONTGOMERY,-75.28566340703325,40.11654353795906
9637729b-cee0-307a-8332-5101265151a6,ALBERT EINSTEIN MEDICAL CENTER,-75.14158870992098,40.0368481
1d81d1ee-6d53-3347-91f3-b8b46cf56fda,ABINGTON MEMORIAL HOSPITAL,-75.12019398442041,40.1196538
2e38eb71-ba9e-3c44-ad3c-3ca81dd37d23,NAZARETH HOSPITAL,-75.04005520422054,40.060166800000005
627290bd-a320-37d4-85e0-92b44709a9db,"MAIN LINE HOSPITALS, INC.",-75.2707469,40.0028514
8fc4711d-cc52-3470-91eb-f84040ad2fb4,ABINGTON MEMORIAL HOSPITAL,-75.12019398442041,40.1196538
5ed4d149-bbe7-39af-9a90-66ce30b9386d,HOSPITAL OF UNIV OF PENNSYLVANIA,-75.1635262,39.9527237
1a04de04-f22c-356e-9a0b-a49afb9efe08,ALBERT EINSTEIN MEDICAL CENTER,-75.14158870992098,40.0368481
dc4ddb9a-49dc-384b-9d8b-e23849fe458a,"MAIN LINE HOSPITALS, INC.",-75.2707469,40.0028514
402d0a84-0301-3d5e-a16a-8102a8247890,HOSPITAL OF UNIV OF PENNSYLVANIA,-75.1635262,39.9527237
332916e5-17af-3d4d-829e-a359d68f2ef9,HOSPITAL OF UNIV OF PENNSYLVANIA,-75.1635262,39.9527237
dc49b6fc-249f-3d92-aca7-8d2d2bc36c64,HOSPITAL OF UNIV OF PENNSYLVANIA,-75.1635262,39.9527237
4e4a6fb2-76f9-35ea-8219-5646073b3cf4,ROXBOROUGH MEMORIAL HOSPITAL,-75.20929984465803,40.02896325
d94e26c6-64b7-3d46-8409-60c581419040,NAZARETH HOSPITAL,-75.04005520422054,40.060166800000005
23bfea07-65d5-3b05-9398-f481251e5a68,ROXBOROUGH MEMORIAL HOSPITAL,-75.20929984465803,40.02896325
a6e33370-3094-3ecf-a998-4c0ea02a18fa,HOSPITAL OF UNIV OF PENNSYLVANIA,-75.1635262,39.9527237
0e1f80a0-83e3-3268-a6ad-c8acc8672347,ALBERT EINSTEIN MEDICAL CENTER,-75.14158870992098,40.0368481
e2597dbd-d069-3ffc-b8a2-0b8c30125bd8,NAZARETH HOSPITAL,-75.04005520422054,40.060166800000005
4ecf04d8-5435-3153-851f-bf77b29a1eb5,THOMAS JEFFERSON UNIVERSITY HOSPITAL,-75.15801474823724,39.9493479
5710844c-8774-3fac-b6b7-4e52f36b665d,"TEMPLE UNIVERSITY HOSPITAL, INC",-75.1508235158642,40.005307900000005
e4d3e754-b83c-3f8a-bd07-270e0776c78f,NAZARETH HOSPITAL,-75.04005520422054,40.060166800000005
4a13390c-c785-3eee-9904-7314e03c0eba,ALBERT EINSTEIN MEDICAL CENTER,-75.14158870992098,40.0368481
5da81461-e1e7-3aa8-9eb6-cb7ef51cf85f,PENN PRESBYTERIAN MEDICAL CENTER,-75.19932867448692,39.9584948
47a934fc-50a2-3e4d-93c4-caa979637d38,PENN PRESBYTERIAN MEDICAL CENTER,-75.19932867448692,39.9584948
682e020d-de2b-3a66-be54-672d34e0cb2e,ROXBOROUGH MEMORIAL HOSPITAL,-75.20929984465803,40.02896325
f2844547-65fe-3763-b718-3fe32ef3b692,ROXBOROUGH MEMORIAL HOSPITAL,-75.20929984465803,40.02896325
c396ac26-ddc1-3198-9835-b9e6a391a406,THOMAS JEFFERSON UNIVERSITY HOSPITAL,-75.15801474823724,39.9493479
189b85a1-fb08-30fa-b9bd-9db26ad99990,"TEMPLE UNIVERSITY HOSPITAL, INC",-75.12913941101698,39.98982305
65a7e8ec-166e-3345-a01b-cc74842745c4,EINSTEIN MEDICAL CENTER MONTGOMERY,-75.28566340703325,40.11654353795906
a39653b8-bd67-3a35-85be-3f96cecf2ff0,PENN PRESBYTERIAN MEDICAL CENTER,-75.19932867448692,39.9584948
fa7d07cc-689c-3ced-9aea-c60e4ca40562,PENN PRESBYTERIAN MEDICAL CENTER,-75.19932867448692,39.9584948
77ab53e0-3895-3914-ad0d-28f037032697,NAZARETH HOSPITAL,-75.04005520422054,40.060166800000005
1bdbebed-14f1-3707-8f5c-9fb74f982e77,ALBERT EINSTEIN MEDICAL CENTER,-75.14158870992098,40.0368481
e5099fa3-32bc-3373-8747-82bd62885a68,THOMAS JEFFERSON UNIVERSITY HOSPITAL,-75.11623055715701,40.1507046
5adc14f1-e195-3f0b-819d-4bddf1a412e4,ROXBOROUGH MEMORIAL HOSPITAL,-75.20929984465803,40.02896325
17e83511-5c64-383a-9189-fdeadb4d1181,"TEMPLE UNIVERSITY HOSPITAL, INC",-75.12913941101698,39.98982305
97fb5aa7-9e7e-3c5b-b939-8c46705eacad,"MAIN LINE HOSPITALS, INC.",-75.2707469,40.0028514
6f5fe537-f5fd-3246-8c4d-91df28285048,PENNSYLVANIA HOSPITAL,-75.15564194733723,39.94491245
0bc6411a-6af0-3a05-99aa-1ea219a8c5fa,EINSTEIN MEDICAL CENTER MONTGOMERY,-75.28566340703325,40.11654353795906
457d1343-9867-37e9-8275-b376bb610eed,ABINGTON MEMORIAL HOSPITAL,-75.12019398442041,40.1196538
b0e9d3cf-3ad6-3012-9521-c5edb72ee91c,HOSPITAL OF UNIV OF PENNSYLVANIA,-75.1635262,39.9527237
f6e7940d-4890-36bd-be0e-621f07fe13ab,NAZARETH HOSPITAL,-75.04005520422054,40.060166800000005
eed9fa00-75cb-324b-8313-5d1191e61de0,NAZARETH HOSPITAL,-75.04005520422054,40.060166800000005
0050b017-848b-3802-adec-1a2096d1dd22,NAZARETH HOSPITAL,-75.04005520422054,40.060166800000005
06ca1818-aaf9-318c-a5d8-2a3a3e1b2339,ABINGTON MEMORIAL HOSPITAL,-75.12019398442041,40.1196538
c7845e55-ca59-3e88-9a7a-0867e7f14d13,"TEMPLE UNIVERSITY HOSPITAL, INC",-75.12913941101698,39.98982305
cd927e23-4639-3cb5-91a8-05b05afb790b,HOSPITAL OF UNIV OF PENNSYLVANIA,-75.1635262,39.9527237
744de05d-a3d7-3cc1-8c49-a1656d163835,PENNSYLVANIA HOSPITAL,-75.15564194733723,39.94491245
e4269c71-d7dc-3b95-9f6d-c3e222e3ea7b,NAZARETH HOSPITAL,-75.04005520422054,40.060166800000005
9c705db3-a1b1-3ea2-bd46-79ef37e70db6,"MAIN LINE HOSPITALS, INC.",-75.2707469,40.0028514
26291b5d-af8e-3d92-be23-26a3d52bc059,PENN PRESBYTERIAN MEDICAL CENTER,-75.19932867448692,39.9584948
b4045556-dc51-3c1c-b285-90097202a1c0,PENN PRESBYTERIAN MEDICAL CENTER,-75.19932867448692,39.9584948
7d137e1b-d1f2-3522-b67e-c8da8293f5a5,NAZARETH HOSPITAL,-75.04005520422054,40.060166800000005
ec13755e-b85c-3714-bc8a-a739da0f994f,PENN PRESBYTERIAN MEDICAL CENTER,-75.19932867448692,39.9584948
99a4311e-af12-32a1-8443-d252a72cb01c,PENNSYLVANIA HOSPITAL,-75.15564194733723,39.94491245
ec65e63a-af46-3040-9606-bd7a195af77c,PENN PRESBYTERIAN MEDICAL CENTER,-75.19932867448692,39.9584948
43ca74b8-8b83-3ad3-95f4-8dc2fc7a754b,"MAIN LINE HOSPITALS, INC.",-75.3925906,39.9850181
f29814eb-d594-3425-8284-8755409e9d18,ABINGTON MEMORIAL HOSPITAL,-75.12019398442041,40.1196538
43e3ad7a-1930-3e79-bf53-de0f87877876,ROXBOROUGH MEMORIAL HOSPITAL,-75.20929984465803,40.02896325
ce72f61d-e183-3165-aeff-8c61ea38e632,PENNSYLVANIA HOSPITAL,-75.15564194733723,39.94491245
9192a9fa-d79e-36d6-9aae-74575a843598,ALBERT EINSTEIN MEDICAL CENTER,-75.14158870992098,40.0368481
b3f1644e-bdc3-3d1f-8416-3fe2f6ed6984,PENN PRESBYTERIAN MEDICAL CENTER,-75.19932867448692,39.9584948
8285ca5a-610f-33a5-be89-773f8aa1d938,HOSPITAL OF UNIV OF PENNSYLVANIA,-75.1635262,39.9527237
c0299d03-bcf2-3264-a53b-5164b69b4054,NAZARETH HOSPITAL,-75.04005520422054,40.060166800000005
9fd95234-d09f-3074-8723-566c9aa5282e,PENN PRESBYTERIAN MEDICAL CENTER,-75.19932867448692,39.9584948
179cc81a-d1ff-3dc9-b532-83fa632f08eb,PENNSYLVANIA HOSPITAL,-75.15564194733723,39.94491245
bb6f90c3-c1be-3ece-b807-fdde837ad7a3,"TEMPLE UNIVERSITY HOSPITAL, INC",-75.1508235158642,40.005307900000005
c0aa1674-3948-32d0-9086-df18f0c5edd0,HOSPITAL OF UNIV OF PENNSYLVANIA,-75.1635262,39.9527237
bbd628f6-c076-314c-81a4-30e97c8faf72,ABINGTON MEMORIAL HOSPITAL,-75.12019398442041,40.1196538
a8342a4c-fead-3cc9-aa84-3501414edc52,"MAIN LINE HOSPITALS, INC.",-75.2707469,40.0028514
d87bcf98-05bc-3cdd-af69-8cbd67e3edfc,NAZARETH HOSPITAL,-75.04005520422054,40.060166800000005
c6803bda-6d54-364b-bff0-de5127f22a25,THOMAS JEFFERSON UNIVERSITY HOSPITAL,-75.11623055715701,40.1507046
5be76683-bdd8-3586-9885-6cc4f5718346,NAZARETH HOSPITAL,-75.04005520422054,40.060166800000005
1b024647-366b-344e-8aa0-ecd28a155b96,EINSTEIN MEDICAL CENTER MONTGOMERY,-75.28566340703325,40.11654353795906
193b36d7-012f-30b2-949c-9692516dd0b4,ALBERT EINSTEIN MEDICAL CENTER,-75.14158870992098,40.0368481
efc30ab5-512d-32a1-8b42-eb5b5399228a,"TEMPLE UNIVERSITY HOSPITAL, INC",-75.12913941101698,39.98982305
2c670365-d2d1-3267-aaaf-0d373e8c71e8,ROXBOROUGH MEMORIAL HOSPITAL,-75.20929984465803,40.02896325
cf5e7667-3de1-3bbd-a4bd-88d643dd7afa,"TEMPLE UNIVERSITY HOSPITAL, INC",-75.12913941101698,39.98982305
ff8821e7-790f-3080-99c2-90cca3e4e8d7,PENNSYLVANIA HOSPITAL,-75.15564194733723,39.94491245
db551b4c-3658-3cd5-91b4-3422e1222f1b,"MAIN LINE HOSPITALS, INC.",-75.2707469,40.0028514
dfc83ecb-6dd3-331e-a52a-19b78737ebd1,EINSTEIN MEDICAL CENTER MONTGOMERY,-75.28566340703325,40.11654353795906
e9bedeec-e577-357e-9b0e-947bb8fbad92,HOSPITAL OF UNIV OF PENNSYLVANIA,-75.1635262,39.9527237
ebfb0f36-60dc-330f-b52a-8fd1fda342fe,"MAIN LINE HOSPITALS, INC.",-75.32109563189564,40.0193369
31d28da3-56a1-322d-929f-ca8e68e02c19,PENN PRESBYTERIAN MEDICAL CENTER,-75.19932867448692,39.9584948
18b1bb7e-2f93-3253-a7ae-d19c13ffeaa1,"MAIN LINE HOSPITALS, INC.",-75.2707469,40.0028514
8371c848-43d3-3d58-9649-aa1aecc7bce8,ALBERT EINSTEIN MEDICAL CENTER,-75.14158870992098,40.0368481
93622729-9254-35d8-ba0b-4f5edf4129fd,NAZARETH HOSPITAL,-75.04005520422054,40.060166800000005
432a94fa-8b0b-35fc-bef6-773b29028ef1,PENN PRESBYTERIAN MEDICAL CENTER,-75.19932867448692,39.9584948
a7805543-1571-3922-9e0d-3863cb964cd6,ROXBOROUGH MEMORIAL HOSPITAL,-75.20929984465803,40.02896325
a656afc6-a4b9-3946-b565-1c1feea8034a,ABINGTON MEMORIAL HOSPITAL,-75.12019398442041,40.1196538
62344164-ec2a-3a87-b1c3-610de86cb5e8,HOSPITAL OF UNIV OF PENNSYLVANIA,-75.1635262,39.9527237
845147ef-7dd3-3685-b979-6c0f4d751320,"TEMPLE UNIVERSITY HOSPITAL, INC",-75.1508235158642,40.005307900000005
75987afa-a675-385a-8d0c-5fe4dab2e5d1,ROXBOROUGH MEMORIAL HOSPITAL,-75.20929984465803,40.02896325
13f81e82-a704-3093-ab42-0dd57bae655e,HOSPITAL OF UNIV OF PENNSYLVANIA,-75.1635262,39.9527237
7cb0ced7-f957-33b2-921d-dc958550179e,PENN PRESBYTERIAN MEDICAL CENTER,-75.19932867448692,39.9584948
6ace4bac-00cb-3597-987c-acd2b170d169,HOSPITAL OF UNIV OF PENNSYLVANIA,-75.1635262,39.9527237
8e2e1aa8-c256-385e-96bf-7fc6d2549548,"TEMPLE UNIVERSITY HOSPITAL, INC",-75.12913941101698,39.98982305
816f4b76-fb9b-3089-a93d-2d47b64d7fcf,EINSTEIN MEDICAL CENTER MONTGOMERY,-75.34202478826586,40.15340905
1af80c0c-c28d-39c6-bb71-bce7eb9b2563,THOMAS JEFFERSON UNIVERSITY HOSPITAL,-75.11623055715701,40.1507046
9697f38b-e536-3522-85ce-2307bca9e187,ALBERT EINSTEIN MEDICAL CENTER,-75.14158870992098,40.0368481
79957231-eab9-37e0-b89d-3d03356ef102,ABINGTON MEMORIAL HOSPITAL,-75.12019398442041,40.1196538
7dc6f7b8-874b-3ab9-a68a-112d8a189cc1,ROXBOROUGH MEMORIAL HOSPITAL,-75.20929984465803,40.02896325
5c58f1ce-13c4-3322-b51c-4cfb1f400a7a,PENNSYLVANIA HOSPITAL,-75.15564194733723,39.94491245
4009aac1-a8e7-3477-9673-44ac37515707,ALBERT EINSTEIN MEDICAL CENTER,-75.14158870992098,40.0368481
e844336b-671d-3c90-b584-80e469c797ca,"MAIN LINE HOSPITALS, INC.",-75.2707469,40.0028514
4f4224e6-8a5e-3695-8cee-a6babb3aaefa,"TEMPLE UNIVERSITY HOSPITAL, INC",-75.1508235158642,40.005307900000005
1c926934-a2e2-382b-be52-494d5a7926b0,ROXBOROUGH MEMORIAL HOSPITAL,-75.20929984465803,40.02896325
c666d4f1-4fdd-3e57-bc38-905d2da223ea,ROXBOROUGH MEMORIAL HOSPITAL,-75.20929984465803,40.02896325
7cbfd9e4-16d4-325e-9fcc-b292f6e79100,"MAIN LINE HOSPITALS, INC.",-75.2707469,40.0028514
53be308f-00b8-3df5-9b87-18613188f399,HOSPITAL OF UNIV OF PENNSYLVANIA,-75.1635262,39.9527237
7b53233f-e894-382f-bc4c-e6a945776fe8,PENNSYLVANIA HOSPITAL,-75.15564194733723,39.94491245
27fc4d73-51cd-3582-a004-7ae9bfe2fc3b,PENN PRESBYTERIAN MEDICAL CENTER,-75.19932867448692,39.9584948
b0448b16-34ab-3952-ac70-f207359a000b,"MAIN LINE HOSPITALS, INC.",-75.2707469,40.0028514
1fa088ea-c931-39eb-99c7-6276c5ddc3e2,NAZARETH HOSPITAL,-75.04005520422054,40.060166800000005
92eb10d2-7cc0-3f7d-baaf-c64b3b267280,PENN PRESBYTERIAN MEDICAL CENTER,-75.19932867448692,39.9584948
37e01520-198b-3b3c-949b-45df3861cd72,NAZARETH HOSPITAL,-75.04005520422054,40.060166800000005
a77572c1-5e11-3468-81ff-5a0c366e5db9,HOSPITAL OF UNIV OF PENNSYLVANIA,-75.1635262,39.9527237
dfc9ac1f-1647-323b-a796-358151604034,ABINGTON MEMORIAL HOSPITAL,-75.12019398442041,40.1196538
ea780ce6-1f96-3633-8353-037483b30b00,EINSTEIN MEDICAL CENTER MONTGOMERY,-75.28566340703325,40.11654353795906
a61fcce9-8c00-382c-84a7-8a0bcca7570e,"MAIN LINE HOSPITALS, INC.",-75.2707469,40.0028514
6d926d18-29a8-3623-bd88-9a45283e6a32,THOMAS JEFFERSON UNIVERSITY HOSPITAL,-75.15801474823724,39.9493479
94aa8e77-18b3-3b48-8cf8-b2d308872d7e,ALBERT EINSTEIN MEDICAL CENTER,-75.14158870992098,40.0368481
f3a027a7-67b7-3ba7-b09b-da2dd3fc5d13,PENN PRESBYTERIAN MEDICAL CENTER,-75.19932867448692,39.9584948
08c447cb-ac02-30f0-a789-773faddfd3df,THOMAS JEFFERSON UNIVERSITY HOSPITAL,-75.15801474823724,39.9493479
85f28985-9094-3804-b77e-058771aa8d61,PENN PRESBYTERIAN MEDICAL CENTER,-75.19932867448692,39.9584948
f9deb326-50fd-3952-b788-22b7a67b1137,"MAIN LINE HOSPITALS, INC.",-75.3925906,39.9850181
0a44ef7c-a1a7-385b-9290-99d5bb0a7bd1,EINSTEIN MEDICAL CENTER MONTGOMERY,-75.28566340703325,40.11654353795906
eca22d00-9faf-3389-80a8-97e16b4b66f9,ROXBOROUGH MEMORIAL HOSPITAL,-75.20929984465803,40.02896325
79bb5143-89d6-37b7-9498-7245115f1199,ROXBOROUGH MEMORIAL HOSPITAL,-75.20929984465803,40.02896325
11ad5c46-e889-39ca-9347-68edeed9db48,EINSTEIN MEDICAL CENTER MONTGOMERY,-75.28566340703325,40.11654353795906
bc17f4a9-9450-320a-b801-ab5e249f5418,"TEMPLE UNIVERSITY HOSPITAL, INC",-75.12913941101698,39.98982305
31689529-8e7d-3447-a6bb-9b10374fe0a2,"MAIN LINE HOSPITALS, INC.",-75.2707469,40.0028514
7e3509b1-df87-3ed3-9372-dde538dc9b81,"TEMPLE UNIVERSITY HOSPITAL, INC",-75.1508235158642,40.005307900000005
c0e22af2-83e1-323a-a50a-ef0be4cfa834,"TEMPLE UNIVERSITY HOSPITAL, INC",-75.1508235158642,40.005307900000005
f1ce4de6-66e2-38d7-8a3f-19fbd04a0d91,THOMAS JEFFERSON UNIVERSITY HOSPITAL,-75.11623055715701,40.1507046
bdccf994-73b2-36cb-a86d-45b9f9e24806,HOSPITAL OF UNIV OF PENNSYLVANIA,-75.1635262,39.9527237
181ff8eb-a775-3b3a-a913-e40c7eef84fc,NAZARETH HOSPITAL,-75.04005520422054,40.060166800000005
2aaefb79-ceed-317f-a297-f9e3951097f6,PENNSYLVANIA HOSPITAL,-75.15564194733723,39.94491245
03e4941b-5e66-37d5-b2b8-53554400c9bf,ALBERT EINSTEIN MEDICAL CENTER,-75.14158870992098,40.0368481
fb24eb53-5d3c-3145-8682-29dcfcd9a1db,"MAIN LINE HOSPITALS, INC.",-75.32109563189564,40.0193369
9e5199a0-54ec-3d7a-9d59-34f37de66c45,PENN PRESBYTERIAN MEDICAL CENTER,-75.19932867448692,39.9584948
246f8d5d-1e65-365b-952c-ae53318c893e,NAZARETH HOSPITAL,-75.04005520422054,40.060166800000005
79e96a0d-81a2-3ba1-b830-d257d2299af9,ROXBOROUGH MEMORIAL HOSPITAL,-75.20929984465803,40.02896325
be6f30fb-b201-38c6-a68d-5b983cdd1972,NAZARETH HOSPITAL,-75.04005520422054,40.060166800000005
bacb4627-688e-34a3-9bb9-6ad66a179fa3,ABINGTON MEMORIAL HOSPITAL,-75.12019398442041,40.1196538
0b334012-63d6-3b6d-84ae-17a71119db63,"TEMPLE UNIVERSITY HOSPITAL, INC",-75.1508235158642,40.005307900000005
bc72e1ac-c1e7-34b7-94e5-176caa3e98ce,ROXBOROUGH MEMORIAL HOSPITAL,-75.20929984465803,40.02896325
0ad3c21f-0dc1-30ee-bd9d-f57f6513cd09,HOSPITAL OF UNIV OF PENNSYLVANIA,-75.1635262,39.9527237
cd18f721-eac5-3375-83b4-362035dae813,NAZARETH HOSPITAL,-75.04005520422054,40.060166800000005
423b984e-19a3-39fc-83bc-e0fff5d19031,"TEMPLE UNIVERSITY HOSPITAL, INC",-75.1508235158642,40.005307900000005
56d8627e-3098-398d-aa8a-b02d999dddd4,HOSPITAL OF UNIV OF PENNSYLVANIA,-75.1635262,39.9527237
ca79a568-284c-3e23-bbc3-b6a444240844,NAZARETH HOSPITAL,-75.04005520422054,40.060166800000005
4de8a9fd-257e-3cc9-ad2a-8e8fa04d7239,ABINGTON MEMORIAL HOSPITAL,-75.12019398442041,40.1196538
fb187235-6b4c-3107-a2e8-e38266ffc01b,NAZARETH HOSPITAL,-75.04005520422054,40.060166800000005
6961a887-9c40-3f41-a03c-b55b1c9aca74,NAZARETH HOSPITAL,-75.04005520422054,40.060166800000005
6366418f-1325-3227-9073-29a96fb69efa,PENNSYLVANIA HOSPITAL,-75.15564194733723,39.94491245
6e153342-a427-36fe-a59f-45ecdb947dc9,ALBERT EINSTEIN MEDICAL CENTER,-75.14158870992098,40.0368481
a13b0d68-e737-3c5a-bc15-e0ebc157b880,ALBERT EINSTEIN MEDICAL CENTER,-75.14158870992098,40.0368481
83cfe057-decb-3a34-bf16-0f51bb74af49,"MAIN LINE HOSPITALS, INC.",-75.2707469,40.0028514
db53fc01-66d5-3a5b-a7ab-af6583a6d2f6,ROXBOROUGH MEMORIAL HOSPITAL,-75.20929984465803,40.02896325
5329fe6b-2482-31cf-a1b5-24a1b28f5ff7,NAZARETH HOSPITAL,-75.04005520422054,40.060166800000005
204153e0-45f3-3aa3-bfe1-fc6782fedda2,ALBERT EINSTEIN MEDICAL CENTER,-75.14158870992098,40.0368481
503058f3-332b-3eb4-818a-f10baff43d52,NAZARETH HOSPITAL,-75.04005520422054,40.060166800000005
bc3e4a02-e5c7-3dbf-a5f6-02c3b6ed9f86,NAZARETH HOSPITAL,-75.04005520422054,40.060166800000005
39cc0581-6c67-31d4-a9ed-2fd391bc89d2,PENNSYLVANIA HOSPITAL,-75.15564194733723,39.94491245
2fe85204-4654-3df2-aab3-c54b24b8f15b,ALBERT EINSTEIN MEDICAL CENTER,-75.14158870992098,40.0368481
9cd288c0-c0a4-3be1-8500-17d1d3cc8871,"MAIN LINE HOSPITALS, INC.",-75.2707469,40.0028514
9c63c56c-7bcf-3598-b5ce-189086b0cec7,"MAIN LINE HOSPITALS, INC.",-75.2707469,40.0028514
4bbb5797-e73b-31d8-ae31-ea58e9a7041a,HOSPITAL OF UNIV OF PENNSYLVANIA,-75.1635262,39.9527237
ad327027-331e-3541-96f3-5ddad8c4b9f6,PENNSYLVANIA HOSPITAL,-75.15564194733723,39.94491245
df641b60-6161-3d6b-8d95-90b2dac1806d,PENN PRESBYTERIAN MEDICAL CENTER,-75.19932867448692,39.9584948
9e5ac038-a623-3536-8545-3d395cf83ef5,"TEMPLE UNIVERSITY HOSPITAL, INC",-75.1508235158642,40.005307900000005
7464a9fc-c9bd-358c-9e92-71566a5356d7,NAZARETH HOSPITAL,-75.04005520422054,40.060166800000005
3b1a9800-6196-31f5-8692-9439062949c4,"TEMPLE UNIVERSITY HOSPITAL, INC",-75.1508235158642,40.005307900000005
766a8dee-8b3d-3ec6-af5e-823aca04e9bf,PENNSYLVANIA HOSPITAL,-75.15564194733723,39.94491245
f5f602fd-aedf-35f1-a444-acb374e9bc7e,PENN PRESBYTERIAN MEDICAL CENTER,-75.19932867448692,39.9584948
25e110cd-ee58-358d-98b1-e56c94e3433a,THOMAS JEFFERSON UNIVERSITY HOSPITAL,-75.11623055715701,40.1507046
84bfbe12-d5e6-3c6b-9b6c-255201dcd57c,PENN PRESBYTERIAN MEDICAL CENTER,-75.19932867448692,39.9584948
2f45a8e0-e739-3240-8671-2b8052bcb883,PENN PRESBYTERIAN MEDICAL CENTER,-75.19932867448692,39.9584948
6b55fa82-587c-3896-b68c-f7d52c21844a,NAZARETH HOSPITAL,-75.04005520422054,40.060166800000005
c1c8a0c8-31a7-37fe-ac84-70824daba550,NAZARETH HOSPITAL,-75.04005520422054,40.060166800000005
2884335b-24b0-3239-af8a-bd0c2917e7e2,PENN PRESBYTERIAN MEDICAL CENTER,-75.19932867448692,39.9584948
d6dc08be-01b1-3b01-af74-4306051a3ac4,PENNSYLVANIA HOSPITAL,-75.15564194733723,39.94491245
83c07476-c68e-3b5d-b845-cc565e18fe2d,ABINGTON MEMORIAL HOSPITAL,-75.12019398442041,40.1196538
f356b570-930d-31f5-87dc-8dbff0ea5794,ROXBOROUGH MEMORIAL HOSPITAL,-75.20929984465803,40.02896325
96e7d35b-f0f2-3e12-92d8-27fcb6506f31,NAZARETH HOSPITAL,-75.04005520422054,40.060166800000005
59a3a360-1b59-3921-b174-5ce05a92fd08,ROXBOROUGH MEMORIAL HOSPITAL,-75.20929984465803,40.02896325
2a47493b-f5a2-3de4-b811-b3029e9af5f3,THOMAS JEFFERSON UNIVERSITY HOSPITAL,-75.11623055715701,40.1507046
6d118af7-90af-31ea-a571-e8a48f093865,NAZARETH HOSPITAL,-75.04005520422054,40.060166800000005
d9806fd1-1b5c-3a0b-8b9b-a7bb58b87478,"MAIN LINE HOSPITALS, INC.",-75.2707469,40.0028514
c8846e7f-b7b7-3a92-b366-04073677aafd,ABINGTON MEMORIAL HOSPITAL,-75.12019398442041,40.1196538
52d52e92-42d9-37de-94ae-0d68009e6530,ROXBOROUGH MEMORIAL HOSPITAL,-75.20929984465803,40.02896325
78795031-c338-38f8-a901-4af642ef9203,NAZARETH HOSPITAL,-75.04005520422054,40.060166800000005
a5530358-fb81-3c7b-b3c4-01d2bc2c986c,PENN PRESBYTERIAN MEDICAL CENTER,-75.19932867448692,39.9584948
c34c9696-e8e3-3d12-9a3a-22d3c39370a2,THOMAS JEFFERSON UNIVERSITY HOSPITAL,-75.15801474823724,39.9493479
39efbfab-9629-3d2f-bac4-bf6715c23f91,THOMAS JEFFERSON UNIVERSITY HOSPITAL,-75.11623055715701,40.1507046
eeee7f09-ebc0-3cf7-ab18-781e01740ceb,ABINGTON MEMORIAL HOSPITAL,-75.12019398442041,40.1196538
1d111cb9-a66c-3c25-a772-a20add8d6b93,"TEMPLE UNIVERSITY HOSPITAL, INC",-75.1508235158642,40.005307900000005
8fd9d2bd-32de-383c-8956-127ef78a3155,NAZARETH HOSPITAL,-75.04005520422054,40.060166800000005
217b7b32-51c5-3e4e-b1bb-79cdb362545d,"TEMPLE UNIVERSITY HOSPITAL, INC",-75.12913941101698,39.98982305
b2428179-f687-3a6c-a8c0-649e368e3e54,NAZARETH HOSPITAL,-75.04005520422054,40.060166800000005
7ebb70e1-6e2b-31f1-a73e-7d63baed3701,HOSPITAL OF UNIV OF PENNSYLVANIA,-75.1635262,39.9527237
10a02614-7332-331c-9083-e33c6e700f14,"MAIN LINE HOSPITALS, INC.",-75.2707469,40.0028514
5b968a1d-8129-3d35-8cc8-26bd84ce3f37,PENNSYLVANIA HOSPITAL,-75.15564194733723,39.94491245
fa674d87-532f-3761-b739-7d7b2c27b324,ALBERT EINSTEIN MEDICAL CENTER,-75.14158870992098,40.0368481
28e74b7c-6194-3a71-962d-e975aedc142d,"TEMPLE UNIVERSITY HOSPITAL, INC",-75.1508235158642,40.005307900000005
73339809-6bf7-3ca5-9bc2-6213f9aeb517,ABINGTON MEMORIAL HOSPITAL,-75.12019398442041,40.1196538
4d22aefd-a4ae-39ab-ad46-013441f11e0b,PENNSYLVANIA HOSPITAL,-75.15564194733723,39.94491245
354a5560-483a-3190-a7a6-369ec0e4ca6d,NAZARETH HOSPITAL,-75.04005520422054,40.060166800000005
37ed3987-fe5d-3135-9cb4-3f2993fc1fd4,ABINGTON MEMORIAL HOSPITAL,-75.12019398442041,40.1196538
4910639a-081e-331a-9694-6881b431f5a4,ABINGTON MEMORIAL HOSPITAL,-75.12019398442041,40.1196538
66301b2f-708b-311d-a78c-cced01ac32e7,HOSPITAL OF UNIV OF PENNSYLVANIA,-75.1635262,39.9527237
57c9f656-f035-3d08-9f5e-43cef209f48e,NAZARETH HOSPITAL,-75.04005520422054,40.060166800000005
39ffb82f-aa85-312a-b565-f298da7d468d,HOSPITAL OF UNIV OF PENNSYLVANIA,-75.1635262,39.9527237
2ad3c9de-52a9-3398-80f3-41d8a107d7a5,"MAIN LINE HOSPITALS, INC.",-75.2707469,40.0028514
39648ff8-6806-3cfb-b695-81a0dcd88e20,"TEMPLE UNIVERSITY HOSPITAL, INC",-75.12913941101698,39.98982305
436a9d3d-7cd4-3b0c-befe-aa5d1be98160,"TEMPLE UNIVERSITY HOSPITAL, INC",-75.1508235158642,40.005307900000005
6c6b3714-5bda-32be-8ecc-df2c765dbddf,HOSPITAL OF UNIV OF PENNSYLVANIA,-75.1635262,39.9527237
87959dac-85f5-38c8-ba9f-030384eef29d,ALBERT EINSTEIN MEDICAL CENTER,-75.14158870992098,40.0368481
5894c032-b3ac-3658-9f45-89204c7c8b8b,PENN PRESBYTERIAN MEDICAL CENTER,-75.19932867448692,39.9584948
ba1a916b-5c7e-3047-9188-c87ca3e34844,ALBERT EINSTEIN MEDICAL CENTER,-75.14158870992098,40.0368481
1e4cbcae-8f10-39c9-b48f-5c49a2a87199,HOSPITAL OF UNIV OF PENNSYLVANIA,-75.1635262,39.9527237
8c9b79cd-a975-3ee5-823c-95a2452ed726,ROXBOROUGH MEMORIAL HOSPITAL,-75.20929984465803,40.02896325
d8b5c4c6-74ca-3abb-88ec-920e2b94771e,"MAIN LINE HOSPITALS, INC.",-75.2707469,40.0028514
7a4d9e97-a10a-3bea-bb14-bc9b884a9d3e,NAZARETH HOSPITAL,-75.04005520422054,40.060166800000005
95828328-5f84-3cd5-bb21-77523240e735,NAZARETH HOSPITAL,-75.04005520422054,40.060166800000005
5f41c74a-a09e-36b8-9ff4-29068c937614,PENN PRESBYTERIAN MEDICAL CENTER,-75.19932867448692,39.9584948
8f1b168f-1038-3183-bb3a-3f5620d803e1,ROXBOROUGH MEMORIAL HOSPITAL,-75.20929984465803,40.02896325
d4b5097d-934c-37e3-90db-38c21e3c02eb,"TEMPLE UNIVERSITY HOSPITAL, INC",-75.1508235158642,40.005307900000005
56f4e578-1612-3c6e-9dfe-33ccedd2c9ef,"MAIN LINE HOSPITALS, INC.",-75.2707469,40.0028514
99d06cfd-bcf9-39ce-bb09-4300a84c1c00,HOSPITAL OF UNIV OF PENNSYLVANIA,-75.1635262,39.9527237
2ebfefff-f66c-39e2-a036-2710566b4288,"TEMPLE UNIVERSITY HOSPITAL, INC",-75.12913941101698,39.98982305
ebd5fcc4-29c9-38c8-9a77-a324008f7039,"TEMPLE UNIVERSITY HOSPITAL, INC",-75.1508235158642,40.005307900000005
01742efd-18ea-3c2a-8e67-51790bf3245b,NAZARETH HOSPITAL,-75.04005520422054,40.060166800000005
0114db99-ffd3-3a35-b579-ab88e9e01dc4,PENN PRESBYTERIAN MEDICAL CENTER,-75.19932867448692,39.9584948
b3d88b68-35ba-323b-aa19-515de2398b19,NAZARETH HOSPITAL,-75.04005520422054,40.060166800000005
7bb1e7ed-972e-38da-85a0-724454b2f84c,"TEMPLE UNIVERSITY HOSPITAL, INC",-75.12913941101698,39.98982305
e4fc3318-6e82-324e-9f0a-66791c3b19a0,ALBERT EINSTEIN MEDICAL CENTER,-75.14158870992098,40.0368481
b6a71b3f-9563-322c-8b98-15095394083c,"MAIN LINE HOSPITALS, INC.",-75.2707469,40.0028514
e188650c-b4df-3061-ba1c-0bede9805c9a,HOSPITAL OF UNIV OF PENNSYLVANIA,-75.1635262,39.9527237
7f93619d-5c50-36df-8948-89c55c6a340e,HOSPITAL OF UNIV OF PENNSYLVANIA,-75.1635262,39.9527237
cd2fff05-fdfc-36dc-934e-343cd05bcc2f,ALBERT EINSTEIN MEDICAL CENTER,-75.14158870992098,40.0368481
3fc5bd21-776d-397c-ae20-f30072a60c91,"MAIN LINE HOSPITALS, INC.",-75.2707469,40.0028514
f8de0c52-67a8-385e-9331-43679dcf014a,NAZARETH HOSPITAL,-75.04005520422054,40.060166800000005
de16b8c3-9109-361a-a0fa-16f44cb054fe,NAZARETH HOSPITAL,-75.04005520422054,40.060166800000005
91516efb-b9e9-3a1e-9c8b-43d98adebccc,PENNSYLVANIA HOSPITAL,-75.15564194733723,39.94491245
a0f10db1-6226-3875-aeb1-3511fd1d950e,HOSPITAL OF UNIV OF PENNSYLVANIA,-75.1635262,39.9527237
c83bebf2-72c7-3c07-8234-22c67ac95f14,"TEMPLE UNIVERSITY HOSPITAL, INC",-75.1508235158642,40.005307900000005
33b194b3-3082-33c6-b63d-3787a7af0291,THOMAS JEFFERSON UNIVERSITY HOSPITAL,-75.15801474823724,39.9493479
97552371-e4e2-399c-8d14-6ee483687776,PENN PRESBYTERIAN MEDICAL CENTER,-75.19932867448692,39.9584948
f04a9cba-3944-328c-8c94-25e4d3b8843d,ROXBOROUGH MEMORIAL HOSPITAL,-75.20929984465803,40.02896325
c18078a9-a66d-3710-bea1-74f3db582d39,NAZARETH HOSPITAL,-75.04005520422054,40.060166800000005
81f686f6-8d1b-31ec-9320-4f7d222c6c75,PENNSYLVANIA HOSPITAL,-75.15564194733723,39.94491245
c575857a-0f53-3237-9a81-e82857b4bb46,NAZARETH HOSPITAL,-75.04005520422054,40.060166800000005
7a96bff5-67ef-369a-9ee5-b2565aebc4e8,ROXBOROUGH MEMORIAL HOSPITAL,-75.20929984465803,40.02896325
9b8ebc8b-d400-3556-a6cb-95fa969f940a,ALBERT EINSTEIN MEDICAL CENTER,-75.14158870992098,40.0368481
ee28123a-1489-3fbb-9ec2-0b585f1e7721,"MAIN LINE HOSPITALS, INC.",-75.2707469,40.0028514
aebb8223-7a45-3fbd-8a8e-4273f1221317,NAZARETH HOSPITAL,-75.04005520422054,40.060166800000005
f0089166-4ded-379b-858e-9648846c7bfe,"MAIN LINE HOSPITALS, INC.",-75.2707469,40.0028514
e25eb455-e4c8-354d-90e3-f870a4d3c953,"MAIN LINE HOSPITALS, INC.",-75.2707469,40.0028514
8dd813d7-24c2-3465-92c0-3e635c8ca12f,NAZARETH HOSPITAL,-75.04005520422054,40.060166800000005
fdc65cc2-e09a-3865-91b4-1bf2dc17bbc0,"TEMPLE UNIVERSITY HOSPITAL, INC",-75.1508235158642,40.005307900000005
f8ad17c3-b7bc-33f2-93c6-35fc9e6616e0,"TEMPLE UNIVERSITY HOSPITAL, INC",-75.1508235158642,40.005307900000005
3b489010-1141-3e45-83b6-4500f8814ac4,NAZARETH HOSPITAL,-75.04005520422054,40.060166800000005
1cb369d6-f937-3422-9c53-4fd06432e256,PENN PRESBYTERIAN MEDICAL CENTER,-75.19932867448692,39.9584948
626a8a8a-eb14-324b-a8c3-a0bdb7db8032,ROXBOROUGH MEMORIAL HOSPITAL,-75.20929984465803,40.02896325
4d13b06e-0dea-3c82-af66-5bcb9eae5766,"TEMPLE UNIVERSITY HOSPITAL, INC",-75.12913941101698,39.98982305
36523dae-162c-3c85-b213-07bc53261339,ABINGTON MEMORIAL HOSPITAL,-75.12019398442041,40.1196538
3fa48ea1-006f-30a5-b1dd-449ee7b2e0f6,ROXBOROUGH MEMORIAL HOSPITAL,-75.20929984465803,40.02896325
4cd97d9d-52f4-3ee1-8d9d-ad717c2328a4,ABINGTON MEMORIAL HOSPITAL,-75.12019398442041,40.1196538
4131a1f4-6b4e-3449-8938-63eb73410bd1,ALBERT EINSTEIN MEDICAL CENTER,-75.14158870992098,40.0368481
44fedde0-8d3e-32a1-8109-e3bd143ef644,ALBERT EINSTEIN MEDICAL CENTER,-75.14158870992098,40.0368481
15ed4d94-60c7-37a8-a431-658bcbbdafbd,ROXBOROUGH MEMORIAL HOSPITAL,-75.20929984465803,40.02896325
5c7f0782-a6f2-3a0c-96fb-9b83bc150dc9,ABINGTON MEMORIAL HOSPITAL,-75.12019398442041,40.1196538
ab4d587d-f15f-39e3-8a20-708ffe65cd7c,NAZARETH HOSPITAL,-75.04005520422054,40.060166800000005
11504ac4-fc39-3d36-b306-3b7180bade17,PENNSYLVANIA HOSPITAL,-75.15564194733723,39.94491245
d18cf6da-2c44-3b9b-a7ae-a2a0f3192a39,PENNSYLVANIA HOSPITAL,-75.15564194733723,39.94491245
0ec4995b-2846-3063-b693-84ba3717ebc3,ALBERT EINSTEIN MEDICAL CENTER,-75.14158870992098,40.0368481
c3ba5a6b-c806-3739-ae1a-dc2365f77c01,HOSPITAL OF UNIV OF PENNSYLVANIA,-75.1635262,39.9527237
9764aaba-6a47-3f00-8333-bc2f12751930,ABINGTON MEMORIAL HOSPITAL,-75.12019398442041,40.1196538
3b8acbaa-dc4f-3488-8d32-dcb97ef08510,"TEMPLE UNIVERSITY HOSPITAL, INC",-75.1508235158642,40.005307900000005
7269973b-daeb-3b10-8574-3b9a10ddeab7,PENN PRESBYTERIAN MEDICAL CENTER,-75.19932867448692,39.9584948
8fb8b19e-ec20-35aa-bb48-d411dfa0e628,PENN PRESBYTERIAN MEDICAL CENTER,-75.19932867448692,39.9584948
402221f7-295b-39ef-b4df-b5f79ae71b8e,NAZARETH HOSPITAL,-75.04005520422054,40.060166800000005
913a6df3-710f-349d-a983-90ef8cbee430,PENN PRESBYTERIAN MEDICAL CENTER,-75.19932867448692,39.9584948
83ee0eb4-af36-395e-95a9-cf364c6c1613,ALBERT EINSTEIN MEDICAL CENTER,-75.14158870992098,40.0368481
f2a7bd1c-31e0-3f83-9d34-88f5ca9f0cb7,ROXBOROUGH MEMORIAL HOSPITAL,-75.20929984465803,40.02896325
82f726cb-76bc-3636-8401-7f44149fd923,NAZARETH HOSPITAL,-75.04005520422054,40.060166800000005
6234ba2c-6495-383e-b182-239bc16f2a99,THOMAS JEFFERSON UNIVERSITY HOSPITAL,-75.15801474823724,39.9493479
09201492-fd60-36c1-8474-215589f822a1,ALBERT EINSTEIN MEDICAL CENTER,-75.14158870992098,40.0368481
1d7f5891-5411-3c38-b8fd-b07c91553af1,ROXBOROUGH MEMORIAL HOSPITAL,-75.20929984465803,40.02896325
9eeeb25b-10f6-32d9-9e83-9d59ad7ee188,ROXBOROUGH MEMORIAL HOSPITAL,-75.20929984465803,40.02896325
5806da76-68ed-3ce7-95b6-11c2b6ea2075,ABINGTON MEMORIAL HOSPITAL,-75.12019398442041,40.1196538
0ac47f47-6497-34a3-9404-fb659c329645,ABINGTON MEMORIAL HOSPITAL,-75.12019398442041,40.1196538
67b7084e-9671-351b-a7b8-402acb3c3fe1,HOSPITAL OF UNIV OF PENNSYLVANIA,-75.1635262,39.9527237
f913cb11-faa6-3a07-9370-39424a17baf4,NAZARETH HOSPITAL,-75.04005520422054,40.060166800000005
2db093ce-3e30-3e85-8768-a8e8c3576bb0,ALBERT EINSTEIN MEDICAL CENTER,-75.14158870992098,40.0368481
